system,tag,clamp_pN,replicate,ns,skip_ns,chromo.n_frames,chromo.dihedrals.tau_phenol_bridge.circular_mean_deg,chromo.dihedrals.tau_phenol_bridge.circular_sd_deg,chromo.dihedrals.tau_phenol_bridge.twist_mean_deg,chromo.dihedrals.tau_phenol_bridge.twist_sd_deg,chromo.dihedrals.tau_phenol_bridge.twist_p95_deg,chromo.dihedrals.phi_bridge_imidazolinone.circular_mean_deg,chromo.dihedrals.phi_bridge_imidazolinone.circular_sd_deg,chromo.dihedrals.phi_bridge_imidazolinone.twist_mean_deg,chromo.dihedrals.phi_bridge_imidazolinone.twist_sd_deg,chromo.dihedrals.phi_bridge_imidazolinone.twist_p95_deg,chromo.hbonds.His148 ND1-H -> chromophore phenolate.heavy_mean_A,chromo.hbonds.His148 ND1-H -> chromophore phenolate.heavy_sd_A,chromo.hbonds.His148 ND1-H -> chromophore phenolate.H_acceptor_mean_A,chromo.hbonds.His148 ND1-H -> chromophore phenolate.H_acceptor_sd_A,chromo.hbonds.His148 ND1-H -> chromophore phenolate.DHA_angle_mean_deg,chromo.hbonds.His148 ND1-H -> chromophore phenolate.occupancy,chromo.hbonds.His148 ND1-H -> chromophore phenolate.criterion,chromo.hbonds.Thr203 OG1-H -> chromophore phenolate.heavy_mean_A,chromo.hbonds.Thr203 OG1-H -> chromophore phenolate.heavy_sd_A,chromo.hbonds.Thr203 OG1-H -> chromophore phenolate.H_acceptor_mean_A,chromo.hbonds.Thr203 OG1-H -> chromophore phenolate.H_acceptor_sd_A,chromo.hbonds.Thr203 OG1-H -> chromophore phenolate.DHA_angle_mean_deg,chromo.hbonds.Thr203 OG1-H -> chromophore phenolate.occupancy,chromo.hbonds.Thr203 OG1-H -> chromophore phenolate.criterion,chromo.hbonds.Arg96 NH2-H -> imidazolinone O2.heavy_mean_A,chromo.hbonds.Arg96 NH2-H -> imidazolinone O2.heavy_sd_A,chromo.hbonds.Arg96 NH2-H -> imidazolinone O2.H_acceptor_mean_A,chromo.hbonds.Arg96 NH2-H -> imidazolinone O2.H_acceptor_sd_A,chromo.hbonds.Arg96 NH2-H -> imidazolinone O2.DHA_angle_mean_deg,chromo.hbonds.Arg96 NH2-H -> imidazolinone O2.occupancy,chromo.hbonds.Arg96 NH2-H -> imidazolinone O2.criterion,chromo.hbonds.Gln94 NE2-H -> imidazolinone O2.heavy_mean_A,chromo.hbonds.Gln94 NE2-H -> imidazolinone O2.heavy_sd_A,chromo.hbonds.Gln94 NE2-H -> imidazolinone O2.H_acceptor_mean_A,chromo.hbonds.Gln94 NE2-H -> imidazolinone O2.H_acceptor_sd_A,chromo.hbonds.Gln94 NE2-H -> imidazolinone O2.DHA_angle_mean_deg,chromo.hbonds.Gln94 NE2-H -> imidazolinone O2.occupancy,chromo.hbonds.Gln94 NE2-H -> imidazolinone O2.criterion,chromo.hbonds.Ser205 OG-H -> Glu222 OE1.heavy_mean_A,chromo.hbonds.Ser205 OG-H -> Glu222 OE1.heavy_sd_A,chromo.hbonds.Ser205 OG-H -> Glu222 OE1.H_acceptor_mean_A,chromo.hbonds.Ser205 OG-H -> Glu222 OE1.H_acceptor_sd_A,chromo.hbonds.Ser205 OG-H -> Glu222 OE1.DHA_angle_mean_deg,chromo.hbonds.Ser205 OG-H -> Glu222 OE1.occupancy,chromo.hbonds.Ser205 OG-H -> Glu222 OE1.criterion,chromo.hbonds.chromophore OG1-H -> Glu222 OE2.heavy_mean_A,chromo.hbonds.chromophore OG1-H -> Glu222 OE2.heavy_sd_A,chromo.hbonds.chromophore OG1-H -> Glu222 OE2.H_acceptor_mean_A,chromo.hbonds.chromophore OG1-H -> Glu222 OE2.H_acceptor_sd_A,chromo.hbonds.chromophore OG1-H -> Glu222 OE2.DHA_angle_mean_deg,chromo.hbonds.chromophore OG1-H -> Glu222 OE2.occupancy,chromo.hbonds.chromophore OG1-H -> Glu222 OE2.criterion,chromo.hbonds.His148 NE2 <- Arg168 backbone NH.heavy_mean_A,chromo.hbonds.His148 NE2 <- Arg168 backbone NH.heavy_sd_A,chromo.hbonds.His148 NE2 <- Arg168 backbone NH.H_acceptor_mean_A,chromo.hbonds.His148 NE2 <- Arg168 backbone NH.H_acceptor_sd_A,chromo.hbonds.His148 NE2 <- Arg168 backbone NH.DHA_angle_mean_deg,chromo.hbonds.His148 NE2 <- Arg168 backbone NH.occupancy,chromo.hbonds.His148 NE2 <- Arg168 backbone NH.criterion,chromo.waters_within_5A_mean,mech.n_frames,mech.clamp_pN,mech.anchor_CB_CB_A.mean,mech.anchor_CB_CB_A.sd,mech.anchor_CB_CB_A.sem,barrel.n_frames,barrel.rmsf_A.mean,barrel.rmsf_A.max,barrel.rmsf_A.at_sites.133,barrel.rmsf_A.at_sites.149,barrel.sheet_register.N134-O131.mean_A,barrel.sheet_register.N134-O131.sd_A,barrel.sheet_register.N134-O131.occupancy_below_3.5A,barrel.sheet_register.N138-O134.mean_A,barrel.sheet_register.N138-O134.sd_A,barrel.sheet_register.N138-O134.occupancy_below_3.5A,barrel.sheet_register.N139-O136.mean_A,barrel.sheet_register.N139-O136.sd_A,barrel.sheet_register.N139-O136.occupancy_below_3.5A,barrel.sheet_register.N140-O135.mean_A,barrel.sheet_register.N140-O135.sd_A,barrel.sheet_register.N140-O135.occupancy_below_3.5A,barrel.sheet_register.N142-O170.mean_A,barrel.sheet_register.N142-O170.sd_A,barrel.sheet_register.N142-O170.occupancy_below_3.5A,barrel.sheet_register.N148-O203.mean_A,barrel.sheet_register.N148-O203.sd_A,barrel.sheet_register.N148-O203.occupancy_below_3.5A,barrel.sheet_register.N150-O201.mean_A,barrel.sheet_register.N150-O201.sd_A,barrel.sheet_register.N150-O201.occupancy_below_3.5A,barrel.sheet_register.N151-O164.mean_A,barrel.sheet_register.N151-O164.sd_A,barrel.sheet_register.N151-O164.occupancy_below_3.5A,barrel.sheet_register.N152-O199.mean_A,barrel.sheet_register.N152-O199.sd_A,barrel.sheet_register.N152-O199.occupancy_below_3.5A,barrel.sheet_register.N153-O162.mean_A,barrel.sheet_register.N153-O162.sd_A,barrel.sheet_register.N153-O162.occupancy_below_3.5A,barrel.cavity_water.cutoff_A,barrel.cavity_water.mean,barrel.cavity_water.sd,barrel.sheet_register.N141-O135.mean_A,barrel.sheet_register.N141-O135.sd_A,barrel.sheet_register.N141-O135.occupancy_below_3.5A,barrel.sheet_register.N139-O134.mean_A,barrel.sheet_register.N139-O134.sd_A,barrel.sheet_register.N139-O134.occupancy_below_3.5A,barrel.sheet_register.N139-O135.mean_A,barrel.sheet_register.N139-O135.sd_A,barrel.sheet_register.N139-O135.occupancy_below_3.5A,mech.spring.n_bp,mech.spring.tau_c_pN_nm,mech.spring.nicked,mech.spring.contour_nm,mech.spring.x_mean_A,mech.spring.x_sd_A,mech.spring.force_pN_mean,mech.spring.force_pN_sd,mech.spring.energy_kT_mean,mech.spring.regime,mech.bend.axis_smoothing_window_bp,mech.bend.per_step_mean_deg,mech.bend.per_step_max_mean_deg,mech.bend.hottest_bp,mech.bend.total_bend_deg_mean,mech.bend.total_bend_deg_sd,mech.bend.note,mech.base_pair_opening.criterion,mech.base_pair_opening.most_open_bp,mech.base_pair_opening.mean_open_count,barrel.sheet_register.N137-O134.mean_A,barrel.sheet_register.N137-O134.sd_A,barrel.sheet_register.N137-O134.occupancy_below_3.5A,barrel.sheet_register.N146-O205.mean_A,barrel.sheet_register.N146-O205.sd_A,barrel.sheet_register.N146-O205.occupancy_below_3.5A
S0_wt,S0_wt,,rep1,50.0,5.0,450,179.246,7.326,5.96,4.327,14.05,0.924,8.274,6.587,5.09,16.682,3.202,0.442,2.328,0.565,148.76,0.7578,H...A < 2.5 A and D-H...A > 120.0 deg,2.795,0.172,1.894,0.252,160.57,0.9556,H...A < 2.5 A and D-H...A > 120.0 deg,2.774,0.089,1.81,0.101,161.16,1.0,H...A < 2.5 A and D-H...A > 120.0 deg,2.937,0.195,2.035,0.223,149.49,0.9644,H...A < 2.5 A and D-H...A > 120.0 deg,2.909,0.551,2.07,0.736,151.85,0.8822,H...A < 2.5 A and D-H...A > 120.0 deg,8.294,0.746,8.28,1.172,87.59,0.0,H...A < 2.5 A and D-H...A > 120.0 deg,3.203,0.251,2.245,0.266,160.3,0.8867,H...A < 2.5 A and D-H...A > 120.0 deg,6.207,450,,32.127,0.495,0.0234,450,0.682,11.123,0.919,0.527,3.3,0.267,0.7911,2.974,0.207,0.9689,3.134,0.229,0.9089,2.996,0.184,0.9822,2.93,0.141,0.9978,3.247,0.261,0.8244,2.891,0.129,0.9978,3.867,0.529,0.2889,2.898,0.129,1.0,2.969,0.132,1.0,6.0,11.111,10.349,,,,,,,,,,,,,,,,,,,,,,,,,,,,,,,,,,,
S0_wt,S0_wt,,rep2,50.0,5.0,450,179.039,6.248,5.023,3.84,12.214,0.442,8.367,6.497,5.296,16.877,3.227,0.455,2.338,0.56,150.67,0.7444,H...A < 2.5 A and D-H...A > 120.0 deg,2.801,0.177,1.892,0.232,161.17,0.9578,H...A < 2.5 A and D-H...A > 120.0 deg,2.774,0.089,1.803,0.098,162.59,1.0,H...A < 2.5 A and D-H...A > 120.0 deg,2.951,0.174,2.042,0.195,150.56,0.9667,H...A < 2.5 A and D-H...A > 120.0 deg,4.31,0.231,3.548,0.207,139.93,0.0,H...A < 2.5 A and D-H...A > 120.0 deg,7.428,0.495,7.534,0.776,79.49,0.0,H...A < 2.5 A and D-H...A > 120.0 deg,3.166,0.219,2.203,0.238,161.61,0.8844,H...A < 2.5 A and D-H...A > 120.0 deg,6.009,450,,32.295,0.514,0.0242,450,0.622,7.016,1.259,0.473,3.209,0.281,0.8422,3.011,0.225,0.9556,3.077,0.197,0.9644,3.046,0.2,0.9644,2.924,0.142,1.0,3.246,0.253,0.8511,,,,,,,2.929,0.149,0.9956,3.003,0.147,0.9956,6.0,12.671,13.283,3.863,0.374,0.1644,,,,,,,,,,,,,,,,,,,,,,,,,,,,,,,,
S0_wt,S0_wt,,rep3,50.0,5.0,450,179.231,6.89,5.655,4.009,13.614,-0.758,7.975,6.471,4.72,15.302,3.312,0.508,2.469,0.649,145.59,0.6622,H...A < 2.5 A and D-H...A > 120.0 deg,2.785,0.162,1.878,0.235,161.31,0.9689,H...A < 2.5 A and D-H...A > 120.0 deg,2.768,0.087,1.793,0.099,163.24,1.0,H...A < 2.5 A and D-H...A > 120.0 deg,2.921,0.158,2.013,0.178,150.8,0.9844,H...A < 2.5 A and D-H...A > 120.0 deg,4.279,0.294,3.53,0.306,138.75,0.0,H...A < 2.5 A and D-H...A > 120.0 deg,7.498,0.538,7.667,0.796,75.5,0.0,H...A < 2.5 A and D-H...A > 120.0 deg,3.169,0.203,2.214,0.22,159.86,0.8933,H...A < 2.5 A and D-H...A > 120.0 deg,5.713,450,,32.312,0.47,0.0221,450,0.773,17.948,1.101,0.492,3.135,0.223,0.9356,2.991,0.216,0.9667,3.149,0.308,0.9089,,,,2.929,0.144,0.9978,,,,2.932,0.207,0.9756,,,,2.913,0.131,0.9978,2.996,0.134,0.9978,6.0,6.798,1.01,,,,4.193,0.398,0.0444,,,,,,,,,,,,,,,,,,,,,,,,,,,,,
S1_tet,S1_tet,,rep1,50.0,5.0,450,179.31,6.429,5.113,3.958,12.693,0.529,7.588,5.949,4.746,15.561,3.354,0.484,2.54,0.637,142.39,0.5822,H...A < 2.5 A and D-H...A > 120.0 deg,2.778,0.162,1.872,0.216,160.37,0.9711,H...A < 2.5 A and D-H...A > 120.0 deg,2.785,0.089,1.813,0.099,162.85,0.9978,H...A < 2.5 A and D-H...A > 120.0 deg,2.94,0.162,2.038,0.201,149.35,0.9689,H...A < 2.5 A and D-H...A > 120.0 deg,4.435,0.238,3.632,0.261,144.78,0.0,H...A < 2.5 A and D-H...A > 120.0 deg,7.449,0.403,7.6,0.698,76.8,0.0,H...A < 2.5 A and D-H...A > 120.0 deg,3.243,0.233,2.293,0.249,158.53,0.8156,H...A < 2.5 A and D-H...A > 120.0 deg,6.0,450,,31.588,0.623,0.0294,450,0.708,7.438,1.117,0.595,3.161,0.262,0.8889,3.011,0.246,0.9622,3.132,0.244,0.9156,3.024,0.183,0.9822,2.929,0.149,0.9978,3.197,0.222,0.8978,2.911,0.122,1.0,,,,2.898,0.109,1.0,3.043,0.165,0.9889,6.0,8.573,6.013,,,,,,,,,,,,,,,,,,,,,,,,,,,,,,,,,,,
S1_tet,S1_tet,,rep2,50.0,5.0,450,179.437,6.131,4.933,3.684,12.254,0.508,7.393,6.015,4.326,14.107,3.171,0.432,2.266,0.528,152.97,0.8,H...A < 2.5 A and D-H...A > 120.0 deg,2.814,0.188,1.924,0.258,158.07,0.9422,H...A < 2.5 A and D-H...A > 120.0 deg,2.781,0.084,1.815,0.093,160.97,1.0,H...A < 2.5 A and D-H...A > 120.0 deg,3.025,0.227,2.125,0.258,149.52,0.92,H...A < 2.5 A and D-H...A > 120.0 deg,4.377,0.209,3.599,0.189,141.79,0.0,H...A < 2.5 A and D-H...A > 120.0 deg,7.558,0.411,7.798,0.708,70.65,0.0,H...A < 2.5 A and D-H...A > 120.0 deg,3.134,0.178,2.175,0.193,160.15,0.9356,H...A < 2.5 A and D-H...A > 120.0 deg,6.038,450,,31.631,0.474,0.0224,450,0.765,18.318,0.902,0.586,3.134,0.232,0.9267,3.024,0.221,0.9622,3.137,0.238,0.9133,3.004,0.168,0.9933,2.896,0.13,1.0,3.192,0.236,0.9089,2.912,0.129,1.0,,,,2.943,0.132,1.0,2.98,0.132,0.9978,6.0,7.867,1.876,,,,,,,3.619,0.292,0.3644,,,,,,,,,,,,,,,,,,,,,,,,,,
S1_tet,S1_tet,,rep3,50.0,5.0,450,179.42,6.393,5.174,3.799,12.715,-0.131,7.379,5.934,4.387,13.812,3.038,0.265,2.113,0.323,154.67,0.8889,H...A < 2.5 A and D-H...A > 120.0 deg,2.806,0.169,1.911,0.258,159.56,0.96,H...A < 2.5 A and D-H...A > 120.0 deg,2.778,0.088,1.809,0.106,161.97,0.9978,H...A < 2.5 A and D-H...A > 120.0 deg,2.97,0.232,2.078,0.286,148.25,0.92,H...A < 2.5 A and D-H...A > 120.0 deg,2.752,0.228,1.862,0.304,156.7,0.9756,H...A < 2.5 A and D-H...A > 120.0 deg,8.912,0.423,9.142,0.76,70.97,0.0,H...A < 2.5 A and D-H...A > 120.0 deg,3.183,0.226,2.233,0.245,158.94,0.8844,H...A < 2.5 A and D-H...A > 120.0 deg,6.009,450,,31.663,0.453,0.0214,450,0.657,12.756,0.886,0.445,3.143,0.242,0.92,3.017,0.24,0.9578,3.112,0.223,0.94,3.027,0.181,0.9778,2.906,0.135,0.9978,3.186,0.245,0.8911,2.936,0.133,1.0,,,,2.931,0.14,1.0,2.985,0.144,0.9933,6.0,13.456,13.865,,,,,,,3.587,0.299,0.4222,,,,,,,,,,,,,,,,,,,,,,,,,,
S3_spring27,S3_spring27,,rep1,50.0,5.0,450,179.043,6.398,5.3,3.707,12.433,0.763,8.089,6.35,5.07,16.756,3.103,0.34,2.232,0.439,147.02,0.8444,H...A < 2.5 A and D-H...A > 120.0 deg,2.727,0.125,1.792,0.132,165.72,1.0,H...A < 2.5 A and D-H...A > 120.0 deg,2.77,0.086,1.796,0.095,163.12,1.0,H...A < 2.5 A and D-H...A > 120.0 deg,2.938,0.187,2.024,0.206,151.39,0.9667,H...A < 2.5 A and D-H...A > 120.0 deg,4.31,0.208,3.509,0.177,144.11,0.0,H...A < 2.5 A and D-H...A > 120.0 deg,6.945,0.773,6.782,1.188,98.34,0.0,H...A < 2.5 A and D-H...A > 120.0 deg,3.214,0.229,2.251,0.238,161.03,0.8578,H...A < 2.5 A and D-H...A > 120.0 deg,6.007,450,,32.248,0.483,0.0228,450,0.796,29.892,1.005,0.464,3.319,0.288,0.76,3.016,0.227,0.9622,3.119,0.248,0.9156,3.028,0.19,0.9778,2.91,0.141,0.9978,3.276,0.258,0.7911,2.964,0.143,0.9978,,,,2.93,0.138,0.9978,3.004,0.142,0.9956,6.0,14.913,14.593,,,,,,,,,,27.0,34.0,False,8.91,53.67,6.343,4.884,0.342,7.418,kinked,9.0,4.649,9.126,15.0,41.26,9.35,"total_bend covers only the interior span the smoothing window leaves, so it is smaller than the arc the duplex was built with by roughly the fraction of base pairs trimmed",mean WC donor-acceptor distance > 4.0 A,27.0,0.044,,,,,,
S3_spring27,S3_spring27,,rep2,50.0,5.0,450,179.589,6.667,5.234,4.153,13.045,0.904,8.036,6.48,4.836,16.191,3.147,0.411,2.259,0.51,149.8,0.8133,H...A < 2.5 A and D-H...A > 120.0 deg,2.774,0.189,1.876,0.282,160.69,0.94,H...A < 2.5 A and D-H...A > 120.0 deg,2.764,0.087,1.79,0.096,162.8,1.0,H...A < 2.5 A and D-H...A > 120.0 deg,2.955,0.193,2.051,0.234,149.65,0.9467,H...A < 2.5 A and D-H...A > 120.0 deg,2.961,0.626,2.137,0.844,151.3,0.8556,H...A < 2.5 A and D-H...A > 120.0 deg,8.595,0.71,8.87,0.867,68.67,0.0,H...A < 2.5 A and D-H...A > 120.0 deg,3.154,0.193,2.198,0.209,159.7,0.9111,H...A < 2.5 A and D-H...A > 120.0 deg,6.953,450,,32.366,0.431,0.0203,450,0.746,25.065,0.911,0.47,,,,2.986,0.214,0.9756,3.103,0.232,0.9333,3.028,0.184,0.9822,2.922,0.126,1.0,,,,2.944,0.134,0.9978,,,,2.926,0.145,0.9978,3.03,0.152,0.9933,6.0,8.427,1.606,,,,,,,,,,27.0,34.0,False,8.91,55.451,5.725,4.974,0.314,7.215,kinked,9.0,5.054,9.958,13.0,52.82,7.57,"total_bend covers only the interior span the smoothing window leaves, so it is smaller than the arc the duplex was built with by roughly the fraction of base pairs trimmed",mean WC donor-acceptor distance > 4.0 A,27.0,0.044,,,,,,
S3_spring27,S3_spring27,,rep3,50.0,5.0,450,179.507,6.524,5.092,4.111,13.16,-0.033,7.336,5.879,4.391,13.607,3.154,0.389,2.265,0.498,150.66,0.7778,H...A < 2.5 A and D-H...A > 120.0 deg,2.792,0.179,1.896,0.253,158.78,0.9622,H...A < 2.5 A and D-H...A > 120.0 deg,2.769,0.083,1.796,0.092,163.0,1.0,H...A < 2.5 A and D-H...A > 120.0 deg,2.93,0.185,2.032,0.216,148.93,0.9622,H...A < 2.5 A and D-H...A > 120.0 deg,4.303,0.216,3.545,0.196,139.15,0.0,H...A < 2.5 A and D-H...A > 120.0 deg,7.476,0.481,7.617,0.765,77.32,0.0,H...A < 2.5 A and D-H...A > 120.0 deg,3.237,0.234,2.278,0.245,160.02,0.8311,H...A < 2.5 A and D-H...A > 120.0 deg,6.009,450,,31.972,0.542,0.0255,450,0.789,23.744,1.148,0.549,,,,3.039,0.238,0.9533,,,,3.045,0.189,0.9711,2.933,0.14,0.9978,,,,3.022,0.179,0.98,,,,2.964,0.155,0.9933,3.041,0.159,0.9889,6.0,10.64,12.729,,,,,,,3.649,0.327,0.3356,27.0,34.0,False,8.91,52.142,4.666,4.78,0.247,7.605,kinked,9.0,4.764,9.399,16.0,40.46,10.32,"total_bend covers only the interior span the smoothing window leaves, so it is smaller than the arc the duplex was built with by roughly the fraction of base pairs trimmed",mean WC donor-acceptor distance > 4.0 A,23.0,0.002,,,,,,
S4_spring40,S4_spring40,,rep1,50.0,5.0,450,-179.012,6.418,5.18,3.918,12.593,0.922,7.676,6.215,4.598,15.057,3.111,0.368,2.196,0.437,153.21,0.8333,H...A < 2.5 A and D-H...A > 120.0 deg,2.778,0.156,1.869,0.202,160.6,0.9822,H...A < 2.5 A and D-H...A > 120.0 deg,2.76,0.085,1.794,0.103,161.56,0.9956,H...A < 2.5 A and D-H...A > 120.0 deg,2.939,0.188,2.057,0.226,146.39,0.9489,H...A < 2.5 A and D-H...A > 120.0 deg,4.252,0.289,3.526,0.319,136.23,0.0,H...A < 2.5 A and D-H...A > 120.0 deg,6.059,0.521,5.476,0.637,126.13,0.0,H...A < 2.5 A and D-H...A > 120.0 deg,3.195,0.217,2.227,0.228,162.03,0.8711,H...A < 2.5 A and D-H...A > 120.0 deg,6.029,450,,32.411,0.616,0.029,450,0.89,32.768,1.061,0.523,3.214,0.283,0.8578,2.957,0.187,0.9867,3.111,0.225,0.9511,3.0,0.172,0.9911,2.929,0.136,0.9978,,,,2.958,0.14,1.0,3.705,0.565,0.4,2.945,0.15,0.9956,3.041,0.152,0.9911,6.0,7.447,2.233,,,,,,,,,,40.0,34.0,False,13.2,62.363,4.553,2.981,0.066,8.667,kinked,11.0,5.015,9.23,25.0,123.39,7.39,"total_bend covers only the interior span the smoothing window leaves, so it is smaller than the arc the duplex was built with by roughly the fraction of base pairs trimmed",mean WC donor-acceptor distance > 4.0 A,1.0,0.04,,,,,,
S4_spring40,S4_spring40,,rep2,50.0,5.0,450,179.329,6.481,5.261,3.844,12.582,0.504,7.155,5.746,4.291,14.165,3.135,0.359,2.245,0.448,149.87,0.8067,H...A < 2.5 A and D-H...A > 120.0 deg,2.802,0.183,1.902,0.244,159.82,0.9533,H...A < 2.5 A and D-H...A > 120.0 deg,2.777,0.092,1.804,0.103,162.71,0.9978,H...A < 2.5 A and D-H...A > 120.0 deg,2.954,0.185,2.052,0.21,148.89,0.9556,H...A < 2.5 A and D-H...A > 120.0 deg,4.365,0.365,3.635,0.45,137.26,0.0,H...A < 2.5 A and D-H...A > 120.0 deg,7.438,0.483,7.565,0.814,78.16,0.0,H...A < 2.5 A and D-H...A > 120.0 deg,3.268,0.238,2.313,0.261,159.61,0.7933,H...A < 2.5 A and D-H...A > 120.0 deg,6.013,450,,31.859,0.482,0.0227,450,0.667,11.895,0.911,0.487,,,,2.972,0.208,0.9756,3.158,0.277,0.9,3.036,0.185,0.98,2.909,0.128,1.0,,,,2.969,0.146,0.9956,,,,3.036,0.218,0.96,2.99,0.143,1.0,6.0,7.18,0.91,3.784,0.326,0.1711,,,,3.66,0.309,0.3111,40.0,34.0,False,13.2,57.314,6.185,2.917,0.078,9.019,kinked,11.0,5.002,9.202,17.0,123.65,9.22,"total_bend covers only the interior span the smoothing window leaves, so it is smaller than the arc the duplex was built with by roughly the fraction of base pairs trimmed",mean WC donor-acceptor distance > 4.0 A,12.0,0.053,,,,,,
S4_spring40,S4_spring40,,rep3,50.0,5.0,450,-179.793,7.16,5.664,4.386,14.271,0.874,7.657,6.299,4.437,14.25,3.172,0.364,2.291,0.463,148.92,0.7578,H...A < 2.5 A and D-H...A > 120.0 deg,2.784,0.163,1.875,0.227,161.67,0.9711,H...A < 2.5 A and D-H...A > 120.0 deg,2.768,0.081,1.805,0.095,160.21,1.0,H...A < 2.5 A and D-H...A > 120.0 deg,3.155,0.44,2.268,0.477,148.43,0.8222,H...A < 2.5 A and D-H...A > 120.0 deg,4.091,0.318,3.396,0.383,132.89,0.0,H...A < 2.5 A and D-H...A > 120.0 deg,7.234,0.584,7.502,0.905,68.04,0.0,H...A < 2.5 A and D-H...A > 120.0 deg,3.208,0.199,2.241,0.214,161.98,0.8978,H...A < 2.5 A and D-H...A > 120.0 deg,6.053,450,,32.106,0.513,0.0242,450,0.73,18.567,1.079,0.458,,,,2.965,0.171,0.9978,3.125,0.261,0.9178,3.035,0.185,0.9778,2.932,0.142,0.9978,3.454,0.314,0.58,2.981,0.161,0.9933,,,,3.016,0.165,0.9822,2.984,0.132,1.0,6.0,9.287,5.884,,,,,,,,,,40.0,34.0,False,13.2,63.736,2.824,2.998,0.041,8.572,kinked,11.0,5.332,9.588,25.0,132.94,6.47,"total_bend covers only the interior span the smoothing window leaves, so it is smaller than the arc the duplex was built with by roughly the fraction of base pairs trimmed",mean WC donor-acceptor distance > 4.0 A,12.0,0.053,,,,,,
S5_spring40nick,S5_spring40nick,,rep1,50.0,5.0,450,179.973,6.892,5.351,4.347,14.154,0.481,7.403,5.969,4.407,14.497,3.252,0.462,2.371,0.565,149.42,0.7044,H...A < 2.5 A and D-H...A > 120.0 deg,2.803,0.163,1.897,0.206,159.91,0.9756,H...A < 2.5 A and D-H...A > 120.0 deg,2.765,0.091,1.796,0.106,162.26,1.0,H...A < 2.5 A and D-H...A > 120.0 deg,2.961,0.198,2.055,0.231,149.71,0.9667,H...A < 2.5 A and D-H...A > 120.0 deg,4.409,0.357,3.684,0.489,137.23,0.0,H...A < 2.5 A and D-H...A > 120.0 deg,7.454,0.432,7.638,0.717,74.57,0.0,H...A < 2.5 A and D-H...A > 120.0 deg,3.345,0.439,2.383,0.478,161.41,0.7911,H...A < 2.5 A and D-H...A > 120.0 deg,6.004,450,,31.884,0.445,0.021,450,0.811,28.295,0.983,0.487,3.148,0.241,0.9178,2.977,0.19,0.9911,3.064,0.195,0.9689,3.042,0.182,0.9822,2.981,0.144,0.9933,3.293,0.323,0.7933,2.991,0.152,0.9956,3.188,0.297,0.9022,3.079,0.202,0.9533,3.035,0.145,0.9978,6.0,10.804,12.902,3.906,0.316,0.0956,,,,,,,40.0,27.0,True,13.2,66.722,3.047,2.401,0.037,6.656,kinked,11.0,4.824,9.205,25.0,116.22,6.81,"total_bend covers only the interior span the smoothing window leaves, so it is smaller than the arc the duplex was built with by roughly the fraction of base pairs trimmed",mean WC donor-acceptor distance > 4.0 A,7.0,0.013,,,,,,
S5_spring40nick,S5_spring40nick,,rep2,50.0,5.0,450,-179.587,6.368,5.051,3.9,12.612,1.439,7.492,6.132,4.542,14.427,3.143,0.35,2.261,0.44,148.93,0.78,H...A < 2.5 A and D-H...A > 120.0 deg,2.809,0.169,1.904,0.218,160.42,0.9711,H...A < 2.5 A and D-H...A > 120.0 deg,2.763,0.088,1.786,0.095,163.87,1.0,H...A < 2.5 A and D-H...A > 120.0 deg,2.937,0.188,2.032,0.21,149.33,0.9733,H...A < 2.5 A and D-H...A > 120.0 deg,2.793,0.33,1.935,0.494,153.51,0.9311,H...A < 2.5 A and D-H...A > 120.0 deg,8.024,0.766,7.861,1.148,97.6,0.0,H...A < 2.5 A and D-H...A > 120.0 deg,3.215,0.202,2.251,0.216,161.15,0.8533,H...A < 2.5 A and D-H...A > 120.0 deg,6.824,450,,31.502,0.476,0.0224,450,0.67,10.794,0.985,0.463,,,,2.972,0.194,0.9711,3.137,0.237,0.9222,3.031,0.189,0.9844,2.937,0.137,0.9933,,,,3.023,0.175,0.9822,3.794,0.672,0.4222,2.984,0.183,0.9844,3.02,0.145,0.9956,6.0,8.269,1.482,3.768,0.33,0.2089,,,,,,,40.0,27.0,True,13.2,53.386,4.678,2.263,0.04,7.394,kinked,11.0,5.73,10.459,25.0,143.38,8.85,"total_bend covers only the interior span the smoothing window leaves, so it is smaller than the arc the duplex was built with by roughly the fraction of base pairs trimmed",mean WC donor-acceptor distance > 4.0 A,25.0,0.031,,,,,,
S5_spring40nick,S5_spring40nick,,rep3,50.0,5.0,450,179.292,6.574,5.342,3.895,12.782,-0.057,7.449,5.994,4.423,14.925,3.024,0.268,2.094,0.332,155.56,0.9178,H...A < 2.5 A and D-H...A > 120.0 deg,2.789,0.146,1.881,0.207,161.02,0.9867,H...A < 2.5 A and D-H...A > 120.0 deg,2.77,0.086,1.798,0.091,162.49,1.0,H...A < 2.5 A and D-H...A > 120.0 deg,2.93,0.157,2.022,0.183,150.2,0.9778,H...A < 2.5 A and D-H...A > 120.0 deg,4.315,0.222,3.545,0.196,140.71,0.0,H...A < 2.5 A and D-H...A > 120.0 deg,7.445,0.443,7.585,0.731,77.34,0.0,H...A < 2.5 A and D-H...A > 120.0 deg,3.184,0.211,2.222,0.223,160.64,0.8867,H...A < 2.5 A and D-H...A > 120.0 deg,6.004,450,,31.995,0.497,0.0234,450,0.761,26.548,0.987,0.441,3.193,0.261,0.8556,2.978,0.185,0.9844,3.113,0.261,0.92,3.049,0.196,0.98,2.897,0.14,0.9956,3.318,0.273,0.7711,3.015,0.15,0.9933,3.608,0.59,0.5533,3.081,0.216,0.9622,3.04,0.152,0.9956,6.0,8.031,3.555,3.703,0.327,0.2533,,,,,,,40.0,27.0,True,13.2,66.324,3.694,2.397,0.045,6.678,kinked,11.0,4.988,9.509,25.0,125.57,8.26,"total_bend covers only the interior span the smoothing window leaves, so it is smaller than the arc the duplex was built with by roughly the fraction of base pairs trimmed",mean WC donor-acceptor distance > 4.0 A,12.0,0.044,,,,,,
S6_clamp,S6_clamp_0pN,0.0,rep1,50.0,5.0,450,179.298,6.66,5.471,3.86,12.065,-0.001,7.572,5.934,4.703,15.731,3.112,0.35,2.19,0.421,154.9,0.8378,H...A < 2.5 A and D-H...A > 120.0 deg,2.793,0.161,1.878,0.189,161.63,0.9844,H...A < 2.5 A and D-H...A > 120.0 deg,2.781,0.091,1.811,0.101,161.8,1.0,H...A < 2.5 A and D-H...A > 120.0 deg,2.945,0.188,2.042,0.212,149.11,0.9578,H...A < 2.5 A and D-H...A > 120.0 deg,2.777,0.284,1.885,0.362,156.84,0.9644,H...A < 2.5 A and D-H...A > 120.0 deg,8.956,0.39,9.153,0.748,73.81,0.0,H...A < 2.5 A and D-H...A > 120.0 deg,3.13,0.196,2.172,0.216,160.11,0.92,H...A < 2.5 A and D-H...A > 120.0 deg,6.007,450,0.0,31.713,0.48,0.0226,450,0.622,9.44,1.013,0.452,3.112,0.223,0.9467,3.053,0.287,0.9222,3.166,0.286,0.8822,2.968,0.16,0.9933,2.892,0.118,1.0,3.194,0.228,0.9022,2.953,0.131,1.0,,,,2.898,0.123,0.9978,2.991,0.144,0.9956,6.0,7.1,0.847,3.764,0.368,0.2378,,,,,,,,,,,,,,,,,,,,,,,,,,,,,,,,
S6_clamp,S6_clamp_0pN,0.0,rep2,50.0,5.0,450,177.854,5.975,5.049,3.85,12.533,0.404,6.915,5.55,4.145,13.173,3.227,0.474,2.349,0.607,150.09,0.7556,H...A < 2.5 A and D-H...A > 120.0 deg,2.798,0.182,1.905,0.269,158.91,0.9511,H...A < 2.5 A and D-H...A > 120.0 deg,2.774,0.091,1.802,0.098,162.64,1.0,H...A < 2.5 A and D-H...A > 120.0 deg,3.023,0.396,2.122,0.45,149.51,0.9489,H...A < 2.5 A and D-H...A > 120.0 deg,4.476,0.42,3.768,0.626,136.3,0.0,H...A < 2.5 A and D-H...A > 120.0 deg,7.54,0.513,7.639,0.807,80.05,0.0,H...A < 2.5 A and D-H...A > 120.0 deg,3.14,0.192,2.184,0.21,159.6,0.9267,H...A < 2.5 A and D-H...A > 120.0 deg,6.007,450,0.0,31.621,0.514,0.0242,450,0.722,12.631,0.988,0.523,3.1,0.229,0.9311,3.033,0.255,0.9467,3.119,0.217,0.9356,3.022,0.179,0.9889,2.925,0.137,0.9978,3.255,0.277,0.82,2.945,0.137,1.0,,,,2.916,0.131,0.9978,2.997,0.147,0.9978,6.0,8.964,7.322,,,,,,,,,,,,,,,,,,,,,,,,,,,,,,4.048,0.415,0.0578,,,
S6_clamp,S6_clamp_0pN,0.0,rep3,50.0,5.0,450,178.893,6.568,5.35,3.966,12.571,0.412,7.414,5.92,4.481,14.643,3.062,0.292,2.132,0.346,155.35,0.8822,H...A < 2.5 A and D-H...A > 120.0 deg,2.783,0.165,1.881,0.235,159.9,0.9689,H...A < 2.5 A and D-H...A > 120.0 deg,2.784,0.084,1.811,0.095,162.8,1.0,H...A < 2.5 A and D-H...A > 120.0 deg,2.954,0.172,2.058,0.205,148.31,0.9511,H...A < 2.5 A and D-H...A > 120.0 deg,2.843,0.42,1.974,0.541,154.43,0.9267,H...A < 2.5 A and D-H...A > 120.0 deg,8.876,0.435,9.087,0.748,72.66,0.0,H...A < 2.5 A and D-H...A > 120.0 deg,3.137,0.176,2.191,0.2,158.07,0.9244,H...A < 2.5 A and D-H...A > 120.0 deg,6.009,450,0.0,31.487,0.535,0.0252,450,0.799,24.74,0.973,0.52,3.228,0.279,0.8356,2.988,0.209,0.9689,3.131,0.242,0.9267,3.046,0.192,0.9844,2.912,0.135,1.0,3.215,0.276,0.8622,2.964,0.142,0.9956,4.073,0.499,0.1422,2.929,0.138,0.9978,3.004,0.14,0.9978,6.0,9.162,7.155,,,,,,,,,,,,,,,,,,,,,,,,,,,,,,,,,,,
S6_clamp,S6_clamp_2pN,2.0,rep1,50.0,5.0,450,179.021,6.601,5.33,4.014,13.016,1.826,7.83,6.37,4.909,14.558,3.246,0.447,2.357,0.55,150.88,0.7289,H...A < 2.5 A and D-H...A > 120.0 deg,2.802,0.18,1.91,0.283,158.74,0.9578,H...A < 2.5 A and D-H...A > 120.0 deg,2.774,0.083,1.802,0.092,162.78,1.0,H...A < 2.5 A and D-H...A > 120.0 deg,2.914,0.143,2.001,0.174,150.74,0.9867,H...A < 2.5 A and D-H...A > 120.0 deg,4.348,0.387,3.664,0.515,133.17,0.0,H...A < 2.5 A and D-H...A > 120.0 deg,6.206,0.451,5.599,0.463,127.14,0.0,H...A < 2.5 A and D-H...A > 120.0 deg,3.241,0.216,2.289,0.23,158.67,0.82,H...A < 2.5 A and D-H...A > 120.0 deg,6.013,450,2.0,31.496,0.495,0.0234,450,0.684,8.583,0.948,0.513,,,,3.047,0.22,0.9578,3.104,0.217,0.9489,3.053,0.192,0.9622,2.93,0.148,0.9956,,,,2.92,0.134,1.0,,,,2.955,0.138,0.9978,2.973,0.133,1.0,6.0,7.276,0.84,,,,,,,3.614,0.305,0.3956,,,,,,,,,,,,,,,,,,,,,,,,,,
S6_clamp,S6_clamp_2pN,2.0,rep2,50.0,5.0,450,179.171,6.858,5.601,4.041,13.288,0.21,7.878,6.204,4.861,15.917,3.224,0.436,2.373,0.562,145.87,0.7067,H...A < 2.5 A and D-H...A > 120.0 deg,2.829,0.209,1.93,0.278,160.13,0.9356,H...A < 2.5 A and D-H...A > 120.0 deg,2.773,0.093,1.798,0.096,163.3,1.0,H...A < 2.5 A and D-H...A > 120.0 deg,2.973,0.205,2.076,0.255,148.8,0.9578,H...A < 2.5 A and D-H...A > 120.0 deg,3.011,0.655,2.201,0.864,149.53,0.8156,H...A < 2.5 A and D-H...A > 120.0 deg,8.492,0.681,8.647,0.905,76.79,0.0,H...A < 2.5 A and D-H...A > 120.0 deg,3.319,0.245,2.376,0.265,157.63,0.72,H...A < 2.5 A and D-H...A > 120.0 deg,6.678,450,2.0,31.521,0.509,0.024,450,0.682,10.845,0.902,0.496,3.082,0.206,0.9622,2.997,0.209,0.9689,,,,3.035,0.191,0.9889,2.931,0.143,1.0,,,,2.928,0.136,0.9978,3.819,0.529,0.3044,2.923,0.138,1.0,2.986,0.166,0.9978,6.0,7.982,1.176,,,,,,,3.626,0.315,0.3822,,,,,,,,,,,,,,,,,,,,,,,,4.317,0.533,0.0333
S6_clamp,S6_clamp_2pN,2.0,rep3,50.0,5.0,450,-179.736,6.991,5.472,4.359,13.924,-0.548,7.091,5.729,4.213,13.241,3.186,0.443,2.291,0.529,151.0,0.7867,H...A < 2.5 A and D-H...A > 120.0 deg,2.801,0.164,1.903,0.232,159.55,0.96,H...A < 2.5 A and D-H...A > 120.0 deg,2.774,0.09,1.819,0.109,159.06,0.9978,H...A < 2.5 A and D-H...A > 120.0 deg,3.048,0.259,2.189,0.331,144.11,0.8244,H...A < 2.5 A and D-H...A > 120.0 deg,4.349,0.287,3.595,0.344,139.05,0.0,H...A < 2.5 A and D-H...A > 120.0 deg,7.165,0.744,7.261,1.127,79.92,0.0,H...A < 2.5 A and D-H...A > 120.0 deg,3.152,0.182,2.186,0.198,161.84,0.9378,H...A < 2.5 A and D-H...A > 120.0 deg,5.98,450,2.0,31.907,0.523,0.0246,450,0.699,17.259,1.033,0.475,3.097,0.223,0.94,3.035,0.222,0.9622,3.077,0.235,0.9533,2.984,0.153,0.9978,2.949,0.153,0.9956,3.215,0.253,0.8756,2.949,0.137,1.0,3.841,0.575,0.3267,2.925,0.136,1.0,3.01,0.142,0.9933,6.0,16.722,24.79,,,,,,,,,,,,,,,,,,,,,,,,,,,,,,,,,,,
S6_clamp,S6_clamp_4pN,4.0,rep1,50.0,5.0,450,178.579,7.005,5.584,4.463,14.442,0.302,7.511,6.052,4.459,13.785,3.244,0.419,2.373,0.526,148.06,0.6778,H...A < 2.5 A and D-H...A > 120.0 deg,2.817,0.184,1.917,0.241,159.43,0.9556,H...A < 2.5 A and D-H...A > 120.0 deg,2.783,0.096,1.813,0.104,162.34,1.0,H...A < 2.5 A and D-H...A > 120.0 deg,2.956,0.192,2.061,0.245,148.74,0.9378,H...A < 2.5 A and D-H...A > 120.0 deg,4.284,0.221,3.536,0.197,138.15,0.0,H...A < 2.5 A and D-H...A > 120.0 deg,7.496,0.474,7.668,0.738,75.19,0.0,H...A < 2.5 A and D-H...A > 120.0 deg,3.242,0.271,2.283,0.287,160.32,0.8511,H...A < 2.5 A and D-H...A > 120.0 deg,6.009,450,4.0,31.155,0.591,0.0279,450,0.692,12.51,0.98,0.639,3.114,0.218,0.9489,2.991,0.217,0.9756,3.183,0.271,0.88,3.009,0.18,0.98,2.957,0.144,1.0,3.248,0.293,0.8289,3.087,0.224,0.9378,4.014,0.59,0.2,2.909,0.126,1.0,3.022,0.149,0.9956,6.0,7.122,0.817,,,,,,,,,,,,,,,,,,,,,,,,,,,,,,3.997,0.378,0.0756,,,
S6_clamp,S6_clamp_4pN,4.0,rep2,50.0,5.0,450,178.661,6.74,5.358,4.303,14.487,1.229,7.522,6.104,4.565,15.245,3.267,0.478,2.417,0.592,145.16,0.6756,H...A < 2.5 A and D-H...A > 120.0 deg,2.799,0.198,1.892,0.274,161.98,0.9511,H...A < 2.5 A and D-H...A > 120.0 deg,2.784,0.092,1.811,0.104,163.03,1.0,H...A < 2.5 A and D-H...A > 120.0 deg,2.936,0.18,2.024,0.196,150.44,0.9644,H...A < 2.5 A and D-H...A > 120.0 deg,4.161,0.324,3.439,0.388,135.63,0.0044,H...A < 2.5 A and D-H...A > 120.0 deg,6.734,0.597,6.548,0.919,98.67,0.0,H...A < 2.5 A and D-H...A > 120.0 deg,3.272,0.249,2.322,0.268,158.54,0.7644,H...A < 2.5 A and D-H...A > 120.0 deg,5.631,450,4.0,31.575,0.576,0.0272,450,0.644,7.757,1.236,0.49,3.139,0.256,0.9067,3.038,0.302,0.94,3.145,0.329,0.9289,3.011,0.214,0.9711,2.931,0.151,0.9956,,,,2.98,0.151,0.9911,,,,2.913,0.128,1.0,2.969,0.129,1.0,6.0,6.944,1.068,,,,,,,3.519,0.324,0.4889,,,,,,,,,,,,,,,,,,,,,,,,,,
S6_clamp,S6_clamp_4pN,4.0,rep3,50.0,5.0,450,-178.959,6.929,5.478,4.37,14.005,0.587,8.027,6.428,4.842,15.759,3.232,0.412,2.371,0.528,146.62,0.7222,H...A < 2.5 A and D-H...A > 120.0 deg,2.784,0.179,1.873,0.24,162.06,0.9667,H...A < 2.5 A and D-H...A > 120.0 deg,2.771,0.094,1.819,0.114,158.3,0.9978,H...A < 2.5 A and D-H...A > 120.0 deg,3.254,0.474,2.401,0.518,143.78,0.7111,H...A < 2.5 A and D-H...A > 120.0 deg,2.725,0.218,1.824,0.309,159.17,0.98,H...A < 2.5 A and D-H...A > 120.0 deg,8.437,0.536,8.685,0.854,68.86,0.0,H...A < 2.5 A and D-H...A > 120.0 deg,3.227,0.223,2.265,0.233,160.73,0.8422,H...A < 2.5 A and D-H...A > 120.0 deg,6.789,450,4.0,31.413,0.521,0.0246,450,0.841,20.739,0.919,0.531,3.21,0.258,0.8667,2.995,0.214,0.9756,3.112,0.222,0.9356,3.02,0.191,0.9822,2.931,0.152,0.9978,,,,2.975,0.145,1.0,,,,2.928,0.13,0.9978,2.981,0.139,0.9978,6.0,10.082,5.206,,,,,,,3.572,0.32,0.4222,,,,,,,,,,,,,,,,,,,,,,,,,,
S6_clamp,S6_clamp_7pN,7.0,rep1,50.0,5.0,450,-179.974,6.436,5.185,3.816,12.132,0.399,7.554,6.136,4.423,14.462,3.276,0.497,2.412,0.605,146.86,0.6867,H...A < 2.5 A and D-H...A > 120.0 deg,2.832,0.237,1.94,0.333,159.64,0.9178,H...A < 2.5 A and D-H...A > 120.0 deg,2.805,0.104,1.857,0.133,158.04,0.9956,H...A < 2.5 A and D-H...A > 120.0 deg,3.019,0.26,2.134,0.332,148.02,0.8956,H...A < 2.5 A and D-H...A > 120.0 deg,2.944,0.653,2.12,0.889,151.82,0.86,H...A < 2.5 A and D-H...A > 120.0 deg,7.717,0.879,7.59,1.158,95.27,0.0,H...A < 2.5 A and D-H...A > 120.0 deg,3.207,0.22,2.242,0.228,161.39,0.8778,H...A < 2.5 A and D-H...A > 120.0 deg,6.92,450,7.0,31.462,0.51,0.024,450,0.699,11.55,0.985,0.502,3.1,0.236,0.9289,2.99,0.193,0.9911,3.119,0.236,0.9356,2.986,0.16,0.9978,2.942,0.142,0.9978,,,,2.933,0.131,1.0,,,,2.933,0.163,0.9889,2.987,0.142,0.9956,6.0,12.956,13.992,,,,,,,,,,,,,,,,,,,,,,,,,,,,,,,,,,,
S6_clamp,S6_clamp_7pN,7.0,rep2,50.0,5.0,450,178.372,6.742,5.554,4.155,13.439,0.08,7.528,6.039,4.493,14.853,3.186,0.409,2.293,0.52,151.28,0.7733,H...A < 2.5 A and D-H...A > 120.0 deg,2.793,0.17,1.891,0.251,160.53,0.9667,H...A < 2.5 A and D-H...A > 120.0 deg,2.778,0.084,1.802,0.092,163.41,1.0,H...A < 2.5 A and D-H...A > 120.0 deg,2.938,0.167,2.029,0.185,150.02,0.9622,H...A < 2.5 A and D-H...A > 120.0 deg,4.336,0.398,3.632,0.513,134.85,0.0,H...A < 2.5 A and D-H...A > 120.0 deg,7.582,0.445,7.758,0.729,75.2,0.0,H...A < 2.5 A and D-H...A > 120.0 deg,3.203,0.203,2.244,0.214,160.21,0.8778,H...A < 2.5 A and D-H...A > 120.0 deg,6.007,450,7.0,31.686,0.476,0.0224,450,0.707,17.563,0.934,0.457,,,,2.996,0.225,0.9667,3.141,0.249,0.9111,3.018,0.176,0.9867,2.951,0.155,0.9978,,,,2.98,0.149,0.9978,3.824,0.551,0.32,2.907,0.122,1.0,2.994,0.135,0.9978,6.0,21.118,27.027,3.891,0.33,0.1089,,,,,,,,,,,,,,,,,,,,,,,,,,,,,,,,
S6_clamp,S6_clamp_7pN,7.0,rep3,50.0,5.0,450,178.528,6.763,5.561,4.121,13.679,0.168,7.228,5.81,4.302,13.685,3.06,0.32,2.132,0.386,155.57,0.8844,H...A < 2.5 A and D-H...A > 120.0 deg,2.801,0.186,1.91,0.293,159.29,0.9489,H...A < 2.5 A and D-H...A > 120.0 deg,2.785,0.092,1.812,0.1,162.99,1.0,H...A < 2.5 A and D-H...A > 120.0 deg,2.927,0.158,2.019,0.184,150.22,0.9778,H...A < 2.5 A and D-H...A > 120.0 deg,2.746,0.176,1.858,0.258,156.51,0.9689,H...A < 2.5 A and D-H...A > 120.0 deg,8.929,0.414,9.174,0.769,70.85,0.0,H...A < 2.5 A and D-H...A > 120.0 deg,3.154,0.2,2.197,0.217,159.85,0.9044,H...A < 2.5 A and D-H...A > 120.0 deg,6.0,450,7.0,31.675,0.547,0.0258,450,0.685,14.388,1.184,0.494,3.12,0.229,0.9267,3.089,0.519,0.9311,3.112,0.239,0.94,3.032,0.191,0.9733,2.9,0.123,1.0,,,,2.951,0.138,0.9978,3.913,0.576,0.2689,2.933,0.135,1.0,3.004,0.142,0.9933,6.0,8.613,6.999,,,,,,,,,,,,,,,,,,,,,,,,,,,,,,,,,,,
S6_clamp,S6_clamp_12pN,12.0,rep1,50.0,5.0,450,179.28,6.505,5.342,3.779,12.848,-0.401,7.372,5.77,4.608,14.735,3.233,0.435,2.361,0.545,147.99,0.7133,H...A < 2.5 A and D-H...A > 120.0 deg,2.763,0.149,1.856,0.22,161.06,0.9822,H...A < 2.5 A and D-H...A > 120.0 deg,2.779,0.092,1.805,0.105,163.38,0.9956,H...A < 2.5 A and D-H...A > 120.0 deg,2.942,0.171,2.04,0.195,148.94,0.9689,H...A < 2.5 A and D-H...A > 120.0 deg,4.28,0.298,3.532,0.348,138.68,0.0022,H...A < 2.5 A and D-H...A > 120.0 deg,7.409,0.513,7.611,0.754,73.38,0.0,H...A < 2.5 A and D-H...A > 120.0 deg,3.302,0.237,2.359,0.258,157.41,0.7578,H...A < 2.5 A and D-H...A > 120.0 deg,6.922,450,12.0,31.652,0.577,0.0272,450,0.642,7.604,0.982,0.478,3.146,0.231,0.9178,2.988,0.197,0.9844,3.117,0.253,0.9267,3.034,0.183,0.9778,2.949,0.136,1.0,,,,2.951,0.15,0.9911,,,,2.91,0.13,0.9978,2.993,0.135,0.9956,6.0,8.082,0.94,,,,4.329,0.301,0.0044,3.582,0.291,0.3956,,,,,,,,,,,,,,,,,,,,,,,,,,
S6_clamp,S6_clamp_12pN,12.0,rep2,50.0,5.0,450,179.325,6.783,5.549,3.958,13.199,1.21,8.295,6.837,4.846,15.707,3.215,0.455,2.328,0.565,150.44,0.7556,H...A < 2.5 A and D-H...A > 120.0 deg,2.797,0.18,1.9,0.271,159.65,0.96,H...A < 2.5 A and D-H...A > 120.0 deg,2.776,0.085,1.809,0.098,161.35,1.0,H...A < 2.5 A and D-H...A > 120.0 deg,3.128,0.368,2.221,0.391,150.33,0.8556,H...A < 2.5 A and D-H...A > 120.0 deg,3.256,0.869,2.556,1.19,139.87,0.7089,H...A < 2.5 A and D-H...A > 120.0 deg,8.815,0.477,9.158,0.76,63.56,0.0,H...A < 2.5 A and D-H...A > 120.0 deg,3.194,0.205,2.244,0.221,158.17,0.8867,H...A < 2.5 A and D-H...A > 120.0 deg,7.024,450,12.0,31.736,0.461,0.0217,450,0.63,6.722,0.947,0.487,3.116,0.222,0.9356,3.037,0.234,0.9467,3.082,0.212,0.9622,2.995,0.155,0.9956,2.917,0.128,0.9978,3.155,0.244,0.9089,2.959,0.136,0.9978,,,,2.897,0.118,1.0,2.997,0.158,0.9867,6.0,9.124,0.908,,,,4.267,0.363,0.0156,,,,,,,,,,,,,,,,,,,,,,,,,,,,,
S6_clamp,S6_clamp_12pN,12.0,rep3,50.0,5.0,450,178.521,6.63,5.424,4.091,12.957,0.01,7.849,6.261,4.732,15.979,3.197,0.42,2.3,0.513,151.44,0.7556,H...A < 2.5 A and D-H...A > 120.0 deg,2.794,0.167,1.907,0.291,158.25,0.9622,H...A < 2.5 A and D-H...A > 120.0 deg,2.779,0.086,1.806,0.098,162.86,1.0,H...A < 2.5 A and D-H...A > 120.0 deg,2.955,0.191,2.046,0.216,150.18,0.9689,H...A < 2.5 A and D-H...A > 120.0 deg,2.867,0.437,2.005,0.569,153.51,0.9244,H...A < 2.5 A and D-H...A > 120.0 deg,8.981,0.405,9.259,0.734,68.67,0.0,H...A < 2.5 A and D-H...A > 120.0 deg,3.195,0.203,2.234,0.219,161.05,0.88,H...A < 2.5 A and D-H...A > 120.0 deg,6.007,450,12.0,31.777,0.513,0.0242,450,0.69,12.995,1.04,0.474,3.123,0.24,0.9267,2.99,0.219,0.9889,3.128,0.258,0.8978,3.01,0.166,0.9889,2.919,0.143,0.9978,3.234,0.276,0.8178,2.947,0.131,1.0,,,,2.925,0.134,0.9978,2.985,0.134,1.0,6.0,7.222,0.993,,,,,,,,,,,,,,,,,,,,,,,,,,,,,,,,,,,
S6_clamp,S6_clamp_20pN,20.0,rep1,50.0,5.0,450,178.565,6.96,5.762,4.157,13.614,0.416,6.832,5.489,4.087,13.407,3.016,0.235,2.086,0.29,155.32,0.92,H...A < 2.5 A and D-H...A > 120.0 deg,2.783,0.162,1.875,0.249,161.9,0.9733,H...A < 2.5 A and D-H...A > 120.0 deg,2.786,0.086,1.81,0.092,163.58,1.0,H...A < 2.5 A and D-H...A > 120.0 deg,2.939,0.162,2.03,0.185,150.34,0.9667,H...A < 2.5 A and D-H...A > 120.0 deg,2.733,0.198,1.825,0.251,159.78,0.9933,H...A < 2.5 A and D-H...A > 120.0 deg,8.836,0.441,9.128,0.744,67.33,0.0,H...A < 2.5 A and D-H...A > 120.0 deg,3.108,0.169,2.154,0.186,158.92,0.9467,H...A < 2.5 A and D-H...A > 120.0 deg,5.631,450,20.0,31.756,0.505,0.0238,450,0.706,10.368,0.944,0.493,,,,2.999,0.208,0.9711,3.152,0.233,0.9222,2.983,0.177,0.9867,2.893,0.128,1.0,3.456,0.38,0.6111,2.917,0.125,1.0,,,,2.93,0.143,1.0,2.99,0.135,1.0,6.0,7.093,2.045,3.735,0.374,0.2689,,,,3.525,0.29,0.5022,,,,,,,,,,,,,,,,,,,,,,,,,,
S6_clamp,S6_clamp_20pN,20.0,rep2,50.0,5.0,450,179.068,6.799,5.533,4.059,12.554,-0.772,7.709,6.179,4.673,15.368,3.3,0.456,2.433,0.569,147.92,0.6489,H...A < 2.5 A and D-H...A > 120.0 deg,2.797,0.16,1.887,0.206,160.75,0.9844,H...A < 2.5 A and D-H...A > 120.0 deg,2.782,0.086,1.813,0.096,161.78,1.0,H...A < 2.5 A and D-H...A > 120.0 deg,2.934,0.186,2.035,0.223,148.74,0.9733,H...A < 2.5 A and D-H...A > 120.0 deg,4.431,0.386,3.724,0.527,135.64,0.0,H...A < 2.5 A and D-H...A > 120.0 deg,7.552,0.432,7.766,0.707,72.64,0.0,H...A < 2.5 A and D-H...A > 120.0 deg,3.221,0.212,2.261,0.235,160.48,0.8533,H...A < 2.5 A and D-H...A > 120.0 deg,6.016,450,20.0,31.783,0.478,0.0225,450,0.737,17.66,0.998,0.431,3.101,0.217,0.9533,3.014,0.231,0.9644,,,,2.964,0.148,0.9978,2.965,0.15,0.9956,3.171,0.253,0.8911,2.951,0.14,1.0,,,,2.919,0.131,0.9978,3.013,0.154,0.9978,6.0,7.238,0.93,3.806,0.358,0.2156,,,,3.462,0.282,0.5644,,,,,,,,,,,,,,,,,,,,,,,,,,
S6_clamp,S6_clamp_20pN,20.0,rep3,50.0,5.0,450,178.724,6.721,5.486,4.086,13.176,-0.209,8.01,6.488,4.7,15.511,3.155,0.398,2.244,0.487,153.48,0.8089,H...A < 2.5 A and D-H...A > 120.0 deg,2.789,0.165,1.891,0.259,159.82,0.9667,H...A < 2.5 A and D-H...A > 120.0 deg,2.789,0.09,1.816,0.097,162.88,1.0,H...A < 2.5 A and D-H...A > 120.0 deg,2.919,0.16,2.018,0.196,149.24,0.9667,H...A < 2.5 A and D-H...A > 120.0 deg,2.743,0.185,1.845,0.25,157.65,0.9867,H...A < 2.5 A and D-H...A > 120.0 deg,8.942,0.403,9.183,0.726,70.94,0.0,H...A < 2.5 A and D-H...A > 120.0 deg,3.28,0.26,2.33,0.274,158.24,0.78,H...A < 2.5 A and D-H...A > 120.0 deg,6.002,450,20.0,31.711,0.471,0.0222,450,0.756,16.765,0.957,0.478,3.202,0.266,0.8778,2.962,0.183,0.9889,3.158,0.24,0.9089,2.996,0.162,0.9844,2.935,0.147,1.0,,,,2.972,0.147,0.9956,,,,2.916,0.127,1.0,2.998,0.143,0.9978,6.0,7.707,2.82,,,,,,,,,,,,,,,,,,,,,,,,,,,,,,,,,,,
