resnum,S0_wt,S1_tet,S3_spring27
8,0.5561333333333334,0.5437333333333333,0.41879999999999995
9,0.8038666666666666,0.9179666666666666,0.5780000000000001
10,0.6991333333333333,0.7306333333333334,0.54085
11,0.5367666666666667,0.5356666666666666,0.47104999999999997
12,0.4307666666666667,0.4198,0.3224
13,0.37353333333333333,0.3706333333333333,0.28454999999999997
14,0.31706666666666666,0.31583333333333335,0.28525
15,0.3282,0.3197,0.2807
16,0.32963333333333333,0.30396666666666666,0.2875
17,0.34523333333333334,0.3335666666666666,0.88835
18,0.3485666666666667,0.35980000000000006,0.37595
19,0.3685,0.3640666666666667,0.383
20,0.6036,0.4947,0.4334
21,0.4839333333333333,0.373,0.43305
22,0.5285000000000001,0.37976666666666664,0.43855
23,0.7641,0.5174333333333333,0.71665
24,0.9051999999999999,0.6139,0.53905
25,0.6397,0.5748,0.59115
26,0.5024000000000001,0.45753333333333335,0.45805
27,0.4025666666666667,0.3822666666666667,0.4112
28,0.36693333333333333,0.3640666666666667,0.38655
29,0.34253333333333336,0.31953333333333334,0.38655
30,0.37953333333333333,0.3323333333333333,0.345
31,0.4356333333333333,0.38916666666666666,0.34745000000000004
32,0.34623333333333334,0.35169999999999996,0.3474
33,0.4476333333333333,0.49476666666666663,0.4112
34,0.38739999999999997,0.37329999999999997,0.3376
35,0.4555666666666667,0.4906,0.45330000000000004
36,0.4302333333333333,0.4214333333333333,0.3835
37,0.4821333333333333,0.4467666666666667,0.40325
38,0.5934666666666667,0.6183,0.5285
39,0.5948666666666667,0.5916666666666667,0.49315
40,0.48183333333333334,0.4619333333333333,0.45594999999999997
41,0.4639666666666667,0.47503333333333336,0.42195
42,0.4066666666666667,0.4145666666666667,0.32925000000000004
43,0.38599999999999995,0.4159,0.36639999999999995
44,0.38610000000000005,0.4234,0.3545
45,0.3722666666666667,0.3659666666666667,0.36615
46,0.3450333333333333,0.31833333333333336,0.3206
47,0.3259,0.3111333333333333,0.3422
48,0.34223333333333333,0.3181333333333333,0.35575
49,0.5022333333333333,0.49243333333333333,0.44605
50,0.5223333333333333,0.5413666666666667,0.56025
51,0.6089666666666667,0.6922333333333334,0.55915
52,0.5488666666666667,0.5262,0.4677
53,0.46386666666666665,0.39063333333333333,0.3508
54,0.5304,0.4566666666666667,0.48615
55,0.4469,0.39186666666666664,0.3865
56,0.4088,0.3883666666666667,0.35825
57,0.35156666666666664,0.3473,0.3261
58,0.37433333333333335,0.3880333333333333,0.31125
59,0.363,0.3728666666666667,0.30474999999999997
60,0.3292,0.32966666666666666,0.34435000000000004
61,0.32026666666666664,0.3275666666666667,0.3321
62,0.32053333333333334,0.3115333333333334,0.3232
63,0.31676666666666664,0.3107666666666667,0.32589999999999997
64,0.3262333333333333,0.3307333333333333,0.3623
68,0.34403333333333336,0.3289666666666667,0.2722
69,0.36443333333333333,0.34263333333333335,0.34299999999999997
70,0.35666666666666663,0.3339666666666667,0.2901
71,0.3600666666666667,0.3443333333333333,0.3473
72,0.38576666666666665,0.3530333333333333,0.35324999999999995
73,0.4036666666666666,0.3582666666666667,0.3981
74,0.4834,0.44589999999999996,0.38585
75,0.7136999999999999,0.6661333333333334,0.6019
76,0.8379666666666666,0.7301333333333333,0.7033
77,0.9037666666666667,0.7564666666666667,0.766
78,0.6752333333333334,0.5682,0.55335
79,0.7517333333333335,0.5789666666666666,0.55985
80,0.7846333333333333,0.5768,0.6757500000000001
81,0.5623333333333332,0.4261,0.3751
82,0.4693,0.36696666666666666,0.3417
83,0.4166,0.38053333333333333,0.29335
84,0.3509,0.3406,0.31905
85,0.38633333333333336,0.3727666666666667,0.28915
86,0.5071666666666667,0.4203333333333334,0.39690000000000003
87,0.6045,0.4147666666666667,0.3607
88,0.5432666666666667,0.44566666666666666,0.47485
89,0.7158333333333333,0.5748333333333333,0.68845
90,0.5604333333333333,0.49543333333333334,0.4325
91,0.4230333333333333,0.4121666666666666,0.35914999999999997
92,0.325,0.31206666666666666,0.28775
93,0.32483333333333336,0.28243333333333337,0.32565
94,0.3126333333333333,0.2885666666666667,0.34825
95,0.34369999999999995,0.3351,0.34375
96,0.3193,0.31653333333333333,0.28025
97,0.34326666666666666,0.36050000000000004,0.3104
98,0.36273333333333335,0.3901333333333333,0.3732
99,0.4318666666666667,0.4074333333333333,0.42610000000000003
100,0.4310666666666667,0.3832333333333333,0.36385
101,0.6279333333333333,0.4199333333333333,0.38534999999999997
102,0.6449666666666666,0.5252666666666667,0.5439499999999999
103,0.4963666666666667,0.4525666666666666,0.46945000000000003
104,0.4373,0.42583333333333334,0.36895
105,0.37553333333333333,0.363,0.34485
106,0.3252333333333333,0.3258666666666667,0.35335
107,0.33603333333333335,0.3226,0.38015
108,0.3146,0.29123333333333334,0.3114
109,0.3405666666666667,0.3143333333333333,0.3231
110,0.3374,0.3164666666666667,0.3383
111,0.37179999999999996,0.3308,0.34450000000000003
112,0.33630000000000004,0.32563333333333333,0.32255
113,0.37446666666666667,0.3619333333333334,0.35005
114,0.5449666666666667,0.47303333333333336,0.40575
115,0.7771666666666667,0.7353,0.5605
116,1.0557,1.0154333333333334,0.8517
117,0.7524333333333333,0.7351666666666667,0.72445
118,0.484,0.4821333333333333,0.3722
119,0.3553,0.35159999999999997,0.29115
120,0.34073333333333333,0.32176666666666665,0.28875
121,0.34359999999999996,0.3015333333333334,0.26335
122,0.32030000000000003,0.3007666666666667,0.2512
123,0.30186666666666667,0.26693333333333336,0.27375
124,0.3618666666666666,0.32726666666666665,0.32084999999999997
125,0.35736666666666667,0.33709999999999996,0.32325000000000004
126,0.4060333333333333,0.35546666666666665,0.3473
127,0.5161,0.41209999999999997,0.35305
128,0.6139333333333333,0.5241,0.4895
129,0.7039666666666666,0.6298333333333334,0.6735
130,0.5423333333333333,0.4546666666666666,0.4582
131,0.6423666666666666,0.5598333333333333,0.67595
132,0.9070666666666667,0.7332666666666666,0.9257
133,1.1112666666666666,0.7210666666666666,1.00095
134,0.7742,0.6013666666666667,0.6462
135,0.6848333333333333,0.5217666666666667,0.6415
136,0.5608333333333334,0.47606666666666664,0.5444
137,0.6438,0.5369666666666667,0.4908
138,0.7108,0.6022,0.58365
139,0.6519333333333334,0.5515333333333333,0.496
140,0.5896,0.5008666666666667,0.49765000000000004
141,0.5075,0.4654,0.46045
142,0.5497333333333333,0.49890000000000007,0.5156499999999999
143,0.5357666666666666,0.43546666666666667,0.47465
144,0.6752333333333334,0.6038666666666667,0.4632
145,0.5699333333333333,0.49593333333333334,0.42105000000000004
146,0.5957333333333333,0.5051666666666667,0.50625
147,0.5411666666666667,0.4514666666666667,0.43105000000000004
148,0.4318666666666667,0.42,0.3574
149,0.47786666666666666,0.5007,0.44035
150,0.429,0.42440000000000005,0.382
151,0.3982666666666667,0.37293333333333334,0.3487
152,0.4023666666666667,0.3906,0.32985
153,0.41946666666666665,0.4096333333333333,0.3276
154,0.46080000000000004,0.4218,0.42385
155,0.6172333333333334,0.5298666666666666,0.5275000000000001
156,0.8638,0.6890999999999999,0.8595999999999999
157,1.1884666666666668,0.9364,1.1956
158,1.1372333333333333,0.8472333333333334,0.8432999999999999
159,0.8549333333333333,0.681,0.7785
160,0.5776666666666667,0.5136,0.54095
161,0.3871,0.34236666666666665,0.35934999999999995
162,0.4034,0.37916666666666665,0.4021
163,0.4206666666666667,0.40886666666666666,0.40245
164,0.5121,0.526,0.5458
165,0.4597,0.48323333333333335,0.4324
166,0.46456666666666663,0.43533333333333335,0.3839
167,0.4283333333333333,0.38766666666666666,0.37585
168,0.5236999999999999,0.4574666666666667,0.35555000000000003
169,0.4378333333333333,0.41713333333333336,0.4149
170,0.5002666666666667,0.4672,0.44675
171,0.5411666666666667,0.4538333333333333,0.47245000000000004
172,0.6924333333333333,0.6439666666666667,0.55535
173,0.8883333333333333,0.8660333333333333,0.68555
174,0.9054333333333333,0.8358,0.72115
175,0.7992333333333334,0.7421000000000001,0.5903
176,0.6791333333333333,0.5740666666666666,0.5011
177,0.6325666666666666,0.41230000000000006,0.39005
178,0.5158666666666667,0.4075666666666667,0.3665
179,0.45396666666666663,0.39799999999999996,0.42665
180,0.3844,0.38610000000000005,0.43855
181,0.3543333333333334,0.34393333333333337,0.3123
182,0.3422,0.34653333333333336,0.31185
183,0.3048,0.29993333333333333,0.26265000000000005
184,0.3375666666666666,0.32633333333333336,0.27015
185,0.3330666666666667,0.31739999999999996,0.3441
186,0.3818333333333333,0.39283333333333337,0.37255
187,0.42696666666666666,0.3826,0.332
188,0.5244666666666666,0.4633,0.40290000000000004
189,0.9736333333333334,0.8135666666666667,0.6258999999999999
190,1.2917666666666665,1.0910333333333333,0.74505
191,1.3553,1.3716333333333335,0.8069500000000001
192,1.1501,1.1403666666666668,0.6580999999999999
193,1.4760666666666669,1.3295333333333332,0.7958000000000001
194,1.0782333333333334,0.7920666666666666,0.6296999999999999
195,0.8473,0.6188,0.7303
196,0.5885,0.4900333333333333,0.51785
197,0.5608333333333334,0.501,0.49895
198,0.5332,0.4801333333333333,0.48219999999999996
199,0.4839,0.4144333333333334,0.4465
200,0.42283333333333334,0.3920333333333333,0.40249999999999997
201,0.4543333333333333,0.36823333333333336,0.4546
202,0.4526333333333333,0.4045,0.45489999999999997
203,0.41640000000000005,0.4067,0.40754999999999997
204,0.6190666666666668,0.5427,0.6136
205,0.4776666666666667,0.4342,0.43820000000000003
206,0.4675,0.4414,0.42069999999999996
207,0.39076666666666665,0.3800333333333333,0.43455
208,0.42029999999999995,0.42136666666666667,0.4504
209,0.4868333333333334,0.47646666666666665,0.46604999999999996
210,0.6465,0.5672,0.5962000000000001
211,1.0827,0.9830666666666668,0.97275
212,1.0298666666666667,0.9461666666666666,0.9958
213,0.7164333333333334,0.6576666666666666,0.6610499999999999
214,0.7853,0.7345,0.6784
215,0.5337,0.5268,0.54515
216,0.37446666666666667,0.36169999999999997,0.36335
217,0.3256,0.30706666666666665,0.3502
218,0.3222333333333333,0.33149999999999996,0.31815
219,0.3307333333333333,0.3490333333333333,0.36719999999999997
220,0.3587,0.37329999999999997,0.35040000000000004
221,0.3555333333333333,0.38619999999999993,0.3425
222,0.37953333333333333,0.4340333333333333,0.39754999999999996
223,0.4287666666666667,0.502,0.5368
224,0.40976666666666667,0.39786666666666665,0.364
225,0.4321333333333333,0.38683333333333336,0.3927
226,0.44626666666666664,0.3927666666666667,0.40080000000000005
227,0.6307,0.5727333333333333,0.48125
228,0.9428333333333333,0.8839,0.73025
229,1.2463666666666666,1.0281666666666667,0.6716500000000001
