bp,S3_spring27,S4_spring40,S5_spring40nick
6,4.9665,,
7,4.605033333333333,3.671466666666667,3.5422666666666665
8,2.960433333333333,4.161966666666666,4.1460333333333335
9,2.8201,4.196166666666667,3.8176
10,4.910733333333333,6.093833333333333,5.9298
11,5.550766666666667,4.730433333333333,4.704
12,5.2374,5.878233333333334,5.794866666666667
13,7.570766666666667,4.807099999999999,4.6949000000000005
14,6.739633333333333,5.671833333333333,4.715233333333334
15,7.178933333333333,4.971466666666667,5.2319
16,6.8646,5.491366666666667,5.877966666666667
17,4.7214,6.8253666666666675,7.2718
18,3.2695000000000003,5.988700000000001,5.816466666666667
19,3.221166666666667,6.597666666666666,6.369700000000001
20,3.7737000000000003,6.202366666666666,6.4604333333333335
21,3.5915666666666666,5.0994,5.263333333333333
22,3.9929,6.853133333333333,7.023466666666667
23,,6.1672666666666665,6.260533333333334
24,,5.5005,5.6979
25,,6.473199999999999,7.645700000000001
26,,4.491266666666667,4.2734
27,,4.8931,4.638166666666667
28,,4.272233333333333,4.197166666666667
29,,4.549533333333334,4.4364
30,,4.5339,4.8142000000000005
31,,5.080066666666666,5.395099999999999
32,,4.178666666666667,4.6888
33,,2.7900000000000005,3.140166666666667
34,,3.0877666666666665,3.2131333333333334
