Wavelength_nm,2026-08-02 · calibration,2026-08-02 · blank,2026-08-02 · 0.05,2026-08-02 · 0.2,2026-08-02 · 0.4,2026-08-02 · 4,2026-08-05 · 0.4 · rep 1,2026-08-05 · 0.4 · rep 1,2026-08-05 · 0.4 · rep 2,2026-08-05 · 4 · rep 1,2026-08-05 · 4 · rep 2
365,12796.666666666666,,,,,,,,,,
366,12715.714285714286,,,,,,,,,,
367,12738.75,,,,,,,,,,
368,12645.555555555555,,,,,,,,,,
369,12522,,,,,,,,,,
370,12446.363636363636,,,,,,,,,,
371,12121.818181818182,,,,,,,,,,
372,11973.636363636364,,,,,,,,,,
373,11672.727272727272,,,,,,,,,,
374,11420,,,,,,,,,,
375,11223.636363636364,,,,,,,,,,
376,11089.09090909091,,,,,,,,,,
377,10917.272727272728,,,,,,,,,,
378,10706.363636363636,,,,,,,,,,
379,10817.272727272728,,,,,,,,,,
380,11314.545454545454,,,,,,270,,,,
381,12387.272727272728,,,,,,274.2857142857143,,,,
382,14610.90909090909,,,,,,273.75,,,,
383,18079.090909090908,,,,,,268.8888888888889,,,,
384,23688.18181818182,,,,,,263,,,,
385,31523.636363636364,,,,,,270.90909090909093,,,,
386,42186.36363636364,,,,,,264.54545454545456,,,,
387,55725.454545454544,,,,,,269.09090909090907,,,,
388,71852.72727272728,,,,,,263.6363636363636,,,,
389,91000.90909090909,,,,,,259.09090909090907,,,,
390,111455.45454545454,,,,,,266.3636363636364,,,,
391,133310,,,,,,271.8181818181818,,,,
392,154712.72727272726,,,,,,260,,,,
393,174473.63636363635,,,,,,266.3636363636364,,,,
394,191771.81818181818,,,,,,273.6363636363636,,,,
395,205140,,,,,,282.72727272727275,,,,
396,213649.0909090909,,,,,,282.72727272727275,,,,
397,216997.27272727274,,,,,,288.1818181818182,,,,
398,214699.0909090909,,,,,,279.09090909090907,,,,
399,207308.18181818182,,,,,,280,,,,
400,194484.54545454544,,,,,,277.27272727272725,,,,
401,177976.36363636365,,,,,,280,,,,
402,158340.9090909091,,,,,,261.8181818181818,,,,
403,137366.36363636365,,,,,,270,,,,
404,116371.81818181818,,,,,,262.72727272727275,,,,
405,96123.63636363637,,,,,,250.9090909090909,,,,
406,77470.90909090909,,,,,,244.54545454545453,,,,
407,61289.09090909091,,,,,,234.54545454545453,,,,
408,47325.454545454544,,,,,,238.1818181818182,,,,
409,36111.818181818184,,,,,,237.27272727272728,,,,
410,27303.636363636364,,,,,,231.8181818181818,,,,
411,20829.090909090908,,,,,,241.8181818181818,,,,
412,16503.636363636364,,,,,,243.63636363636363,,,,
413,13486.363636363636,,,,,,255.45454545454547,,,,
414,11656.363636363636,,,,,,262.72727272727275,,,,
415,10418.181818181818,,,,,,260.90909090909093,,,,
416,9635.454545454546,,,,,,264.54545454545456,,,,
417,9081.818181818182,,,,,,262.72727272727275,,,,
418,8727.272727272728,,,,,,260.90909090909093,,,,
419,8431.818181818182,,,,,,252.72727272727272,,,,
420,8187.272727272727,,,,,,264.54545454545456,,,,
421,8027.272727272727,,,,,,271.8181818181818,,,,
422,7909.090909090909,,,,,,264.54545454545456,,,,
423,7820,,,,,,261.8181818181818,,,,
424,7796.363636363636,,,,,,252.72727272727272,,,,
425,7737.272727272727,,,,,,243.63636363636363,,,,
426,7719.090909090909,,,,,,247.27272727272728,,,,
427,7657.272727272727,,,,,,250.9090909090909,,,,
428,7650,,,,,,252.72727272727272,,,,
429,7595.454545454545,,,,,,254.54545454545453,,,,
430,7594.545454545455,,,,,,263.6363636363636,,,,
431,7563.636363636364,,,,,,258.1818181818182,,,,
432,7591.818181818182,,,,,,255.45454545454547,,,,
433,7543.636363636364,,,,,,260,,,,
434,7436.363636363636,,,,,,259.09090909090907,,,,
435,7385.454545454545,,,,,,261.8181818181818,,,,
436,7380,,,,,,262.72727272727275,,,,
437,7319.090909090909,,,,,,259.09090909090907,,,,
438,7253.636363636364,,,,,,262.72727272727275,,,,
439,7220,,,,,,262.72727272727275,,,,
440,7155.454545454545,,,,,,265.45454545454544,,,,
441,7096.363636363636,,,,,,269.09090909090907,,,,
442,7076.363636363636,,,,,,272.72727272727275,,,,
443,6964.545454545455,,,,,,278.1818181818182,,,,
444,6939.090909090909,,,,,,286.3636363636364,,,,
445,6959.090909090909,,,,,,282.72727272727275,,,,
446,6927,,,,,,280.90909090909093,,,,
447,6878.888888888889,,,,,,284.54545454545456,,,,
448,6862.5,,,,,,290,,,,
449,6885.714285714285,,,,,,297.27272727272725,,,,
450,6895,,,,,,290.90909090909093,,,,
451,,,,,,,293.6363636363636,,,,
452,,,,,,,290.90909090909093,,,,
453,,,,,,,280.90909090909093,,,,
454,,,,,,,270.90909090909093,,,,
455,,,,,,,261.8181818181818,,,,
456,,,,,,,255.45454545454547,,,,
457,,,,,,,258.1818181818182,,,,
458,,,,,,,259.09090909090907,,,,
459,,,,,,,254.54545454545453,,,,
460,,,,,,,247.27272727272728,,,,
461,,,,,,,252.72727272727272,,,,
462,,,,,,,250.9090909090909,,,,
463,,,,,,,253.63636363636363,,,,
464,,,,,,,262.72727272727275,,,,
465,,,,,,,270,,,,
466,,,,,,,268.1818181818182,,,,
467,,,,,,,277.27272727272725,,,,
468,,,,,,,285.45454545454544,,,,
469,,,,,,,285.45454545454544,,,,
470,,,,,,,294.54545454545456,,,,
471,,,,,,,294.54545454545456,,,,
472,,,,,,,320.90909090909093,,,,
473,,,,,,,330,,,,
474,,,,,,,340.90909090909093,,,,
475,,,,,,,361.8181818181818,,,,
476,,,,,,,374.54545454545456,,,,
477,,,,,,,407.27272727272725,,,,
478,,,,,,,587.2727272727273,,,,
479,,,,,,,1974.5454545454545,,,,
480,,,,,,,3512.7272727272725,,,,
481,,,,,,,3892.7272727272725,,,,
482,,,,,,,3949.090909090909,,,,
483,,,,,,,3985.4545454545455,,,,
484,,,,,,,4037.2727272727275,,,,
485,,,,,,,4095.4545454545455,,,,
486,,,,,,,4150.909090909091,,,,
487,,,,,,,4240.909090909091,,,,
488,,,,,,,4314.545454545455,,,,
489,,,,,,,4252.727272727273,,,,
490,,,,,,,3000,,,,
491,,,,,,,1626.3636363636363,,,,
492,,,,,,,1397.2727272727273,,,,
493,,,,,,,1516.3636363636363,,,,
494,,,,,,,1654.5454545454545,,,,
495,,,,,,,1808.1818181818182,,,,
496,,,,,,,1920,,,,
497,,,,,,,2058.181818181818,,,,
498,,,,,,,2209.090909090909,,,,
499,,,,,,,2353.6363636363635,,,,
500,,0,113.33333333333333,376.6666666666667,10780,126620,2491.818181818182,2636.6666666666665,1203.3333333333333,63115,47083.333333333336
501,,0,125.71428571428571,380,11004.285714285714,128992.85714285714,2637.2727272727275,2651.4285714285716,1244.2857142857142,63997.142857142855,47990
502,,0,112.5,391.25,11186.25,131636.25,2723.6363636363635,2673.75,1255,64872.5,48630
503,,0,122.22222222222223,396.6666666666667,11294.444444444445,133996.66666666666,2834.5454545454545,2700,1301.111111111111,65448.88888888889,49234.444444444445
504,,0,138,415,11388,135873,2912.7272727272725,2738,1326,65772,49531
505,,0,137.27272727272728,423.6363636363636,11539.09090909091,137309.0909090909,2955.4545454545455,2739.090909090909,1312.7272727272727,65937.27272727272,49753.63636363636
506,,0,144.54545454545453,436.3636363636364,11774.545454545454,140862.72727272726,2980,2791.818181818182,1333.6363636363637,66969.09090909091,50679.09090909091
507,,0,144.54545454545453,444.54545454545456,11931.818181818182,143694.54545454544,3046.3636363636365,2799.090909090909,1320.909090909091,67480.90909090909,51220.90909090909
508,,0,143.63636363636363,453.6363636363636,12035.454545454546,145580.9090909091,3054.5454545454545,2793.6363636363635,1352.7272727272727,67707.27272727272,51268.181818181816
509,,0,141.8181818181818,461.8181818181818,11970,146362.72727272726,3049.090909090909,2777.2727272727275,1327.2727272727273,67195.45454545454,51046.36363636364
510,,0,150.9090909090909,473.6363636363636,11883.636363636364,146120,3008.181818181818,2754.5454545454545,1340,66331.81818181818,50448.181818181816
511,,0,153.63636363636363,480.90909090909093,11666.363636363636,144759.0909090909,2947.2727272727275,2685.4545454545455,1292.7272727272727,65080.90909090909,49487.27272727273
512,,0,159.0909090909091,497.27272727272725,11429.09090909091,142486.36363636365,2854.5454545454545,2641.818181818182,1240.909090909091,63631.818181818184,48178.181818181816
513,,0,180,484.54545454545456,11109.09090909091,139464.54545454544,2774.5454545454545,2547.2727272727275,1180.909090909091,61525.454545454544,46650.90909090909
514,,0,188.1818181818182,501.8181818181818,10799.09090909091,135236.36363636365,2641.818181818182,2460.909090909091,1121.8181818181818,59367.27272727273,44893.63636363636
515,,0,173.63636363636363,466.3636363636364,10378.181818181818,130435.45454545454,2516.3636363636365,2348.181818181818,1042.7272727272727,57082.72727272727,43193.63636363636
516,,0,160.9090909090909,430.90909090909093,9850.90909090909,125353.63636363637,2419.090909090909,2214.5454545454545,991.8181818181819,54637.27272727273,41265.454545454544
517,,0,154.54545454545453,409.09090909090907,9391.818181818182,120085.45454545454,2319.090909090909,2109.090909090909,928.1818181818181,52103.63636363636,39235.454545454544
518,,0,149.0909090909091,391.8181818181818,8910.90909090909,114338.18181818182,2187.2727272727275,1975.4545454545455,896.3636363636364,49587.27272727273,37323.63636363636
519,,0,152.72727272727272,366.3636363636364,8437.272727272728,108766.36363636363,2090.909090909091,1878.1818181818182,834.5454545454545,46881.818181818184,35322.72727272727
520,,0,133.63636363636363,326.3636363636364,7957.272727272727,102930.90909090909,1957.2727272727273,1758.1818181818182,770,44556.36363636364,33468.181818181816
521,,0,120.9090909090909,297.27272727272725,7561.818181818182,97265.45454545454,1863.6363636363637,1620,725.4545454545455,42270,31608.18181818182
522,,0,115.45454545454545,295.45454545454544,7189.090909090909,91986.36363636363,1765.4545454545455,1532.7272727272727,699.0909090909091,39969.09090909091,29885.454545454544
523,,0,113.63636363636364,263.6363636363636,6790,87336.36363636363,1686.3636363636363,1449.090909090909,680.9090909090909,37863.63636363636,28340
524,,0,101.81818181818181,252.72727272727272,6448.181818181818,82593.63636363637,1597.2727272727273,1391.8181818181818,660.9090909090909,36005.454545454544,26923.636363636364
525,,0,80.9090909090909,215.45454545454547,6093.636363636364,78360.90909090909,1557.2727272727273,1318.1818181818182,600,34276.36363636364,25564.545454545456
526,,0,73.63636363636364,212.72727272727272,5829.090909090909,74625.45454545454,1520,1254.5454545454545,589.0909090909091,32722.727272727272,24304.545454545456
527,,0,92.72727272727273,218.1818181818182,5619.090909090909,71056.36363636363,1481.8181818181818,1240.909090909091,597.2727272727273,31372.727272727272,23216.363636363636
528,,0,89.0909090909091,210.9090909090909,5401.818181818182,67602.72727272728,1419.090909090909,1170.909090909091,583.6363636363636,29979.090909090908,22169.090909090908
529,,0,94.54545454545455,204.54545454545453,5174.545454545455,64544.545454545456,1362.7272727272727,1159.090909090909,559.0909090909091,28728.18181818182,21165.454545454544
530,,0,99.0909090909091,217.27272727272728,4960.909090909091,61595.454545454544,1319.090909090909,1118.1818181818182,541.8181818181819,27678.18181818182,20354.545454545456
531,,0,105.45454545454545,231.8181818181818,4854.545454545455,59266.36363636364,1307.2727272727273,1089.090909090909,545.4545454545455,26599.090909090908,19610.909090909092
532,,0,115.45454545454545,237.27272727272728,4679.090909090909,57149.09090909091,1270,1060.909090909091,520,25650.909090909092,18865.454545454544
533,,0,120,226.36363636363637,4482.727272727273,55001.818181818184,1248.1818181818182,1043.6363636363637,511.8181818181818,24945.454545454544,18252.727272727272
534,,0,92.72727272727273,225.45454545454547,4299.090909090909,52863.63636363636,1202.7272727272727,996.3636363636364,474.54545454545456,24127.272727272728,17608.18181818182
535,,0,82.72727272727273,222.72727272727272,4146.363636363636,50975.454545454544,1189.090909090909,952.7272727272727,462.72727272727275,23423.636363636364,16927.272727272728
536,,0,81.81818181818181,219.0909090909091,4013.6363636363635,49376.36363636364,1175.4545454545455,906.3636363636364,460.90909090909093,22686.363636363636,16391.81818181818
537,,0,84.54545454545455,217.27272727272728,3894.5454545454545,47698.181818181816,1140.909090909091,869.0909090909091,434.54545454545456,21927.272727272728,15842.727272727272
538,,0,65.45454545454545,201.8181818181818,3760.909090909091,46222.72727272727,1100.909090909091,834.5454545454545,394.54545454545456,21155.454545454544,15317.272727272728
539,,0,60,204.54545454545453,3652.7272727272725,44909.09090909091,1083.6363636363637,816.3636363636364,378.1818181818182,20466.363636363636,14881.818181818182
540,,0,50,191.8181818181818,3541.818181818182,43569.09090909091,1072.7272727272727,773.6363636363636,340.90909090909093,19799.090909090908,14370.90909090909
541,,0,50,197.27272727272728,3426.3636363636365,42230.90909090909,1032.7272727272727,753.6363636363636,319.09090909090907,19160,13973.636363636364
542,,0,42.72727272727273,186.36363636363637,3310.909090909091,40944.545454545456,991.8181818181819,730.9090909090909,308.1818181818182,18545.454545454544,13520
543,,0,28.181818181818183,150.9090909090909,3178.181818181818,39555.454545454544,957.2727272727273,699.0909090909091,278.1818181818182,17960.909090909092,13068.181818181818
544,,0,7.2727272727272725,124.54545454545455,3081.818181818182,38298.181818181816,909.0909090909091,658.1818181818181,232.72727272727272,17255.454545454544,12560
545,,0,11.818181818181818,112.72727272727273,2985.4545454545455,37110.90909090909,897.2727272727273,647.2727272727273,219.0909090909091,16580.909090909092,12044.545454545454
546,,0,23.636363636363637,115.45454545454545,2879.090909090909,35764.545454545456,868.1818181818181,644.5454545454545,220.9090909090909,16010.90909090909,11692.727272727272
547,,0,35.45454545454545,114.54545454545455,2766.3636363636365,34478.181818181816,823.6363636363636,635.4545454545455,210,15360.90909090909,11225.454545454546
548,,0,24.545454545454547,107.27272727272727,2631.818181818182,33186.36363636364,791.8181818181819,601.8181818181819,208.1818181818182,14774.545454545454,10715.454545454546
549,,0,20,115.45454545454545,2498.181818181818,31783.636363636364,774.5454545454545,554.5454545454545,206.36363636363637,14180.90909090909,10263.636363636364
550,,0,12.727272727272727,78.18181818181819,2374.5454545454545,30426.363636363636,742.7272727272727,510,190.9090909090909,13574.545454545454,9792.727272727272
551,,0,21.818181818181817,89.0909090909091,2282.7272727272725,29032.727272727272,733.6363636363636,500,190,13034.545454545454,9299.09090909091
552,,0,30,76.36363636363636,2212.7272727272725,27715.454545454544,716.3636363636364,480,203.63636363636363,12420,8800
553,,0,39.09090909090909,69.0909090909091,2102.7272727272725,26279.090909090908,698.1818181818181,459.09090909090907,195.45454545454547,11829.09090909091,8370.90909090909
554,,0,47.27272727272727,82.72727272727273,1995.4545454545455,24990,699.0909090909091,433.6363636363636,203.63636363636363,11154.545454545454,7894.545454545455
555,,0,50,80.9090909090909,1903.6363636363637,23663.636363636364,699.0909090909091,405.45454545454544,210.9090909090909,10642.727272727272,7553.636363636364
556,,0,56.36363636363637,77.27272727272727,1818.1818181818182,22414.545454545456,663.6363636363636,376.3636363636364,195.45454545454547,10099.09090909091,7209.090909090909
557,,0,51.81818181818182,70,1722.7272727272727,21195.454545454544,635.4545454545455,352.72727272727275,174.54545454545453,9543.636363636364,6843.636363636364
558,,0,41.81818181818182,55.45454545454545,1612.7272727272727,20059.090909090908,613.6363636363636,326.3636363636364,151.8181818181818,9050.90909090909,6457.272727272727
559,,0,50,49.09090909090909,1547.2727272727273,18965.454545454544,609.0909090909091,316.3636363636364,137.27272727272728,8594.545454545454,6143.636363636364
560,,0,43.63636363636363,37.27272727272727,1450.909090909091,17910,581.8181818181819,301.8181818181818,124.54545454545455,8151.818181818182,5823.636363636364
561,,0,50.90909090909091,63.63636363636363,1377.2727272727273,16942.727272727272,568.1818181818181,290.90909090909093,126.36363636363636,7738.181818181818,5455.454545454545
562,,0,40.90909090909091,45.45454545454545,1274.5454545454545,16144.545454545454,540.9090909090909,270,136.36363636363637,7330,5194.545454545455
563,,0,35.45454545454545,43.63636363636363,1191.8181818181818,15303.636363636364,535.4545454545455,250,120.9090909090909,6984.545454545455,4924.545454545455
564,,0,42.72727272727273,60,1132.7272727272727,14547.272727272728,507.27272727272725,234.54545454545453,120.9090909090909,6647.272727272727,4646.363636363636
565,,0,31.818181818181817,43.63636363636363,1089.090909090909,13784.545454545454,469.09090909090907,215.45454545454547,113.63636363636364,6321.818181818182,4449.090909090909
566,,0,41.81818181818182,50.90909090909091,1016.3636363636364,13077.272727272728,468.1818181818182,217.27272727272728,102.72727272727273,5972.727272727273,4220
567,,0,30,34.54545454545455,949.0909090909091,12400.90909090909,452.72727272727275,185.45454545454547,102.72727272727273,5662.727272727273,3993.6363636363635
568,,0,33.63636363636363,39.09090909090909,890,11792.727272727272,453.6363636363636,180,90.9090909090909,5387.272727272727,3779.090909090909
569,,0,34.54545454545455,48.18181818181818,864.5454545454545,11173.636363636364,448.1818181818182,171.8181818181818,103.63636363636364,5179.090909090909,3632.7272727272725
570,,0,52.72727272727273,53.63636363636363,820.9090909090909,10615.454545454546,430,160,108.18181818181819,4956.363636363636,3441.818181818182
571,,0,70.9090909090909,62.72727272727273,787.2727272727273,10136.363636363636,411.8181818181818,156.36363636363637,106.36363636363636,4747.272727272727,3274.5454545454545
572,,0,61.81818181818182,43.63636363636363,731.8181818181819,9612.727272727272,404.54545454545456,151.8181818181818,92.72727272727273,4567.272727272727,3133.6363636363635
573,,0,51.81818181818182,46.36363636363637,690.9090909090909,9087.272727272728,405.45454545454544,136.36363636363637,70.9090909090909,4340,2963.6363636363635
574,,0,41.81818181818182,30,632.7272727272727,8634.545454545454,400.90909090909093,114.54545454545455,60,4167.272727272727,2837.2727272727275
575,,0,20.90909090909091,1.8181818181818181,572.7272727272727,8166.363636363636,399.09090909090907,94.54545454545455,39.09090909090909,3966.3636363636365,2701.818181818182
576,,0,14.545454545454545,11.818181818181818,520,7742.727272727273,402.72727272727275,84.54545454545455,17.272727272727273,3811.818181818182,2561.818181818182
577,,0,4.545454545454546,20,495.45454545454544,7442.727272727273,387.27272727272725,77.27272727272727,17.272727272727273,3692.7272727272725,2418.181818181818
578,,0,5.454545454545454,48.18181818181818,483.6363636363636,7091.818181818182,395.45454545454544,90.9090909090909,23.636363636363637,3573.6363636363635,2331.818181818182
579,,0,1.8181818181818181,33.63636363636363,456.3636363636364,6753.636363636364,379.09090909090907,59.09090909090909,30.90909090909091,3465.4545454545455,2196.3636363636365
580,,0,-0.9090909090909091,22.727272727272727,440,6440,372.72727272727275,55.45454545454545,26.363636363636363,3330,2088.181818181818
581,,0,-31.818181818181817,23.636363636363637,404.54545454545456,6121.818181818182,370.90909090909093,46.36363636363637,1.8181818181818181,3180.909090909091,2011.8181818181818
582,,0,-33.63636363636363,31.818181818181817,389.09090909090907,5822.727272727273,374.54545454545456,58.18181818181818,2.727272727272727,3023.6363636363635,1903.6363636363637
583,,0,-30,48.18181818181818,396.3636363636364,5527.272727272727,372.72727272727275,67.27272727272727,10,2917.2727272727275,1819.090909090909
584,,0,-12.727272727272727,51.81818181818182,377.27272727272725,5304.545454545455,367.27272727272725,75.45454545454545,17.272727272727273,2842.7272727272725,1780.909090909091
585,,0,-2.727272727272727,70,384.54545454545456,5037.272727272727,351.8181818181818,91.81818181818181,27.272727272727273,2710.909090909091,1683.6363636363637
586,,0,0.9090909090909091,88.18181818181819,375.45454545454544,4828.181818181818,346.3636363636364,90,32.72727272727273,2640,1594.5454545454545
587,,0,21.818181818181817,102.72727272727273,380,4650.909090909091,344.54545454545456,108.18181818181819,54.54545454545455,2567.2727272727275,1543.6363636363637
588,,0,36.36363636363637,93.63636363636364,367.27272727272725,4412.727272727273,335.45454545454544,99.0909090909091,44.54545454545455,2478.181818181818,1469.090909090909
589,,0,50,90.9090909090909,366.3636363636364,4235.454545454545,327.27272727272725,102.72727272727273,53.63636363636363,2365.4545454545455,1396.3636363636363
590,,0,61.81818181818182,105.45454545454545,373.6363636363636,4048.181818181818,332.72727272727275,120.9090909090909,65.45454545454545,2247.2727272727275,1357.2727272727273
591,,0,62.72727272727273,108.18181818181819,366.3636363636364,3835.4545454545455,330.90909090909093,110,65.45454545454545,2172.7272727272725,1276.3636363636363
592,,0,80,110,364.54545454545456,3687.2727272727275,340,107.27272727272727,83.63636363636364,2104.5454545454545,1230
593,,0,80.9090909090909,95.45454545454545,336.3636363636364,3520,328.1818181818182,90,65.45454545454545,2067.2727272727275,1164.5454545454545
594,,0,73.63636363636364,80.9090909090909,310,3358.181818181818,331.8181818181818,75.45454545454545,56.36363636363637,1981.8181818181818,1097.2727272727273
595,,0,84.54545454545455,90,320.90909090909093,3168.181818181818,324.54545454545456,70,62.72727272727273,1893.6363636363637,1032.7272727272727
596,,0,89,90,310,3116,324.54545454545456,65,59,1871,1000
597,,0,96.66666666666667,85.55555555555556,313.3333333333333,3050,306.3636363636364,70,62.22222222222222,1827.7777777777778,982.2222222222222
598,,0,96.25,75,303.75,2967.5,299.09090909090907,58.75,61.25,1776.25,957.5
599,,0,88.57142857142857,78.57142857142857,307.14285714285717,2891.4285714285716,297.27272727272725,58.57142857142857,74.28571428571429,1714.2857142857142,921.4285714285714
600,,0,88.33333333333333,66.66666666666667,283.3333333333333,2788.3333333333335,286.3636363636364,31.666666666666668,60,1695,868.3333333333334
601,,,,,,,278.1818181818182,,,,
602,,,,,,,280.90909090909093,,,,
603,,,,,,,269.09090909090907,,,,
604,,,,,,,270,,,,
605,,,,,,,260,,,,
606,,,,,,,262.72727272727275,,,,
607,,,,,,,262.72727272727275,,,,
608,,,,,,,275.45454545454544,,,,
609,,,,,,,265.45454545454544,,,,
610,,,,,,,254.54545454545453,,,,
611,,,,,,,260,,,,
612,,,,,,,269.09090909090907,,,,
613,,,,,,,260.90909090909093,,,,
614,,,,,,,257.27272727272725,,,,
615,,,,,,,267.27272727272725,,,,
616,,,,,,,272.72727272727275,,,,
617,,,,,,,274.54545454545456,,,,
618,,,,,,,274.54545454545456,,,,
619,,,,,,,275.45454545454544,,,,
620,,,,,,,292.72727272727275,,,,
621,,,,,,,296.3636363636364,,,,
622,,,,,,,294.54545454545456,,,,
623,,,,,,,290,,,,
624,,,,,,,289.09090909090907,,,,
625,,,,,,,286.3636363636364,,,,
626,,,,,,,280.90909090909093,,,,
627,,,,,,,275.45454545454544,,,,
628,,,,,,,263.6363636363636,,,,
629,,,,,,,256.3636363636364,,,,
630,,,,,,,253.63636363636363,,,,
631,,,,,,,240,,,,
632,,,,,,,243.63636363636363,,,,
633,,,,,,,240,,,,
634,,,,,,,234.54545454545453,,,,
635,,,,,,,242.72727272727272,,,,
636,,,,,,,261.8181818181818,,,,
637,,,,,,,265.45454545454544,,,,
638,,,,,,,260.90909090909093,,,,
639,,,,,,,263.6363636363636,,,,
640,,,,,,,261.8181818181818,,,,
641,,,,,,,264.54545454545456,,,,
642,,,,,,,265.45454545454544,,,,
643,,,,,,,264.54545454545456,,,,
644,,,,,,,260,,,,
645,,,,,,,267.27272727272725,,,,
646,,,,,,,261.8181818181818,,,,
647,,,,,,,243.63636363636363,,,,
648,,,,,,,241.8181818181818,,,,
649,,,,,,,244.54545454545453,,,,
650,,,,,,,243.63636363636363,,,,
651,,,,,,,252.72727272727272,,,,
652,,,,,,,246.36363636363637,,,,
653,,,,,,,259.09090909090907,,,,
654,,,,,,,260.90909090909093,,,,
655,,,,,,,277.27272727272725,,,,
656,,,,,,,265.45454545454544,,,,
657,,,,,,,273.6363636363636,,,,
658,,,,,,,276.3636363636364,,,,
659,,,,,,,280.90909090909093,,,,
660,,,,,,,274.54545454545456,,,,
661,,,,,,,271.8181818181818,,,,
662,,,,,,,270.90909090909093,,,,
663,,,,,,,273.6363636363636,,,,
664,,,,,,,266.3636363636364,,,,
665,,,,,,,277.27272727272725,,,,
666,,,,,,,272.72727272727275,,,,
667,,,,,,,282.72727272727275,,,,
668,,,,,,,279.09090909090907,,,,
669,,,,,,,281.8181818181818,,,,
670,,,,,,,271.8181818181818,,,,
671,,,,,,,279.09090909090907,,,,
672,,,,,,,280.90909090909093,,,,
673,,,,,,,280.90909090909093,,,,
674,,,,,,,283.6363636363636,,,,
675,,,,,,,294.54545454545456,,,,
676,,,,,,,279.09090909090907,,,,
677,,,,,,,276.3636363636364,,,,
678,,,,,,,274.54545454545456,,,,
679,,,,,,,270,,,,
680,,,,,,,258.1818181818182,,,,
681,,,,,,,256.3636363636364,,,,
682,,,,,,,251.8181818181818,,,,
683,,,,,,,251.8181818181818,,,,
684,,,,,,,247.27272727272728,,,,
685,,,,,,,237.27272727272728,,,,
686,,,,,,,223.63636363636363,,,,
687,,,,,,,223.63636363636363,,,,
688,,,,,,,226.36363636363637,,,,
689,,,,,,,227.27272727272728,,,,
690,,,,,,,230,,,,
691,,,,,,,236.36363636363637,,,,
692,,,,,,,233.63636363636363,,,,
693,,,,,,,237.27272727272728,,,,
694,,,,,,,236.36363636363637,,,,
695,,,,,,,230.9090909090909,,,,
696,,,,,,,234,,,,
697,,,,,,,233.33333333333334,,,,
698,,,,,,,235,,,,
699,,,,,,,225.71428571428572,,,,
700,,,,,,,220,,,,