embedding:DfltEx3G,,,,,,,,,,,,,,
--,,,,,,,,,,,,,,
--,,,,,,,,,,,,,,
--,,,,,,,,,,,,,,
--,,,,,,,,,,,,,,
--,,,,,,,,,,,,,,
--,,,,,,,,,,,,,,
--,,,,,,,,,,,,,,
--,,,,,,,,,,,,,,
--,,,,,,,,,,,,,,
--,,,,,,,,,,,,,,
--,,,,,,,,,,,,,,
--,,,,,,,,,,,,,,
--,,,,,,,,,,,,,,
--,,,,,,,,,,,,,,
--,,,,,,,,,,,,,,
--,,,,,,,,,,,,,,
--,,,,,,,,,,,,,,
--,,,,,,,,,,,,,,
--,,,,,,,,,,,,,,
--,,,,,,,,,,,,,,
--,,,,,,,,,,,,,,
--,,,,,,,,,,,,,,
--,,,,,,,,,,,,,,
--,,,,,,,,,,,,,,
--,,,,,,,,,,,,,,
--,,,,,,,,,,,,,,
--,,,,,,,,,,,,,,
--,,,,,,,,,,,,,,
--,,,,,,,,,,,,,,
--,,,,,,,,,,,,,,
Double click graph to do analysis,,,,,,,,,,,,,,
Experiment Comments:,,,,,Instrument Info:,,,User Comments:,,,,,,
" Spectral Acquisition[Excitation]
",,,,,"Fluorolog3_21
",,,,,,,,EMF 320x240: 2136 bytes (0x50213D2D),
